status,x,y,z,azimuth,elevation,roll,button,quality,time,image_ts,image_filename
0x0000,213.866,150.354,-11.162,139.328,-83.836,111.559,1,4,1743801343907,1743801343904,data_Color_1743801343904.50585937500000.png
0x0000,213.754,150.242,-11.05,139.275,-83.843,111.589,1,4,1743801343973,1743801343971,data_Color_1743801343971.64062500000000.png
0x0000,213.643,150.242,-11.05,139.275,-83.841,111.559,1,4,1743801344040,1743801344038,data_Color_1743801344038.95703125000000.png
0x0000,213.643,150.13,-11.05,139.328,-83.836,111.559,1,4,1743801344106,1743801344106,data_Color_1743801344106.12207031250000.png
0x0000,213.643,150.13,-11.05,139.328,-83.836,111.453,1,4,1743801344173,1743801344173,data_Color_1743801344173.26611328125000.png
0x0000,213.643,150.13,-11.05,139.443,-83.835,111.453,1,4,1743801344240,1743801344240,data_Color_1743801344240.59033203125000.png
0x0000,213.643,150.13,-11.05,139.443,-83.835,111.348,1,4,1743801344306,1743801344307,data_Color_1743801344307.66528320312500.png
0x0000,213.754,150.13,-11.05,139.549,-83.826,111.242,1,4,1743801344373,1743801344375,data_Color_1743801344375.10913085937500.png
0x0000,213.754,150.019,-11.162,139.716,-83.819,111.032,1,4,1743801344439,1743801344442,data_Color_1743801344442.26464843750000.png
0x0000,213.754,150.019,-11.162,139.873,-83.803,110.898,1,4,1743801344506,1743801344509,data_Color_1743801344509.21582031250000.png
0x0000,213.754,150.019,-11.162,140.039,-83.795,110.764,1,4,1743801344572,1743801344576,data_Color_1743801344576.47778320312500.png
0x0000,213.754,150.019,-11.162,140.029,-83.782,110.707,1,4,1743801344639,1743801344643,data_Color_1743801344643.76318359375000.png
0x0000,213.754,149.907,-11.162,140.133,-83.771,110.679,1,4,1743801344705,1743801344711,data_Color_1743801344711.11889648437500.png
0x0000,213.754,149.907,-11.05,140.194,-83.774,110.575,1,4,1743801344772,1743801344777,data_Color_1743801344777.93969726562500.png
0x0000,213.866,149.907,-11.05,139.977,-83.787,110.811,1,4,1743801344850,1743801344845,data_Color_1743801344845.24072265625000.png
0x0000,213.866,149.796,-11.05,139.354,-83.874,111.42,1,4,1743801344916,1743801344912,data_Color_1743801344912.55200195312500.png
0x0000,214.201,149.684,-11.274,137.043,-84.231,113.865,1,4,1743801344983,1743801344979,data_Color_1743801344979.56738281250000.png
0x0000,214.647,149.572,-11.609,132.552,-84.698,118.457,1,3,1743801345050,1743801345047,data_Color_1743801345047.00634765625000.png
0x0000,214.982,149.461,-11.832,128.014,-85.138,123.073,1,3,1743801345116,1743801345114,data_Color_1743801345114.10327148437500.png
0x0000,215.652,149.461,-12.613,117.579,-86.03,133.869,1,3,1743801345183,1743801345181,data_Color_1743801345181.18090820312500.png
0x0000,216.322,149.349,-13.729,95.399,-86.804,156.231,1,3,1743801345249,1743801345248,data_Color_1743801345248.46508789062500.png
0x0000,216.768,149.237,-14.399,69.794,-86.962,-178.134,1,3,1743801345316,1743801345315,data_Color_1743801345315.55126953125000.png
0x0000,217.326,149.014,-14.734,52.049,-86.791,-160.136,1,3,1743801345382,1743801345382,data_Color_1743801345382.74609375000000.png
0x0000,218.219,148.903,-15.404,32.152,-86.121,-140.194,1,3,1743801345449,1743801345450,data_Color_1743801345450.08569335937500.png
0x0000,219.559,148.679,-17.301,11.006,-83.745,-118.643,1,3,1743801345516,1743801345517,data_Color_1743801345517.42480468750000.png
0x0000,220.675,148.456,-18.976,2.614,-80.381,-109.988,1,3,1743801345582,1743801345584,data_Color_1743801345584.39208984375000.png
0x0000,221.456,148.344,-19.757,0.233,-77.044,-107.319,1,3,1743801345649,1743801345651,data_Color_1743801345651.73071289062500.png
0x0000,222.126,148.456,-20.203,-0.476,-74.139,-106.416,1,3,1743801345715,1743801345718,data_Color_1743801345718.82641601562500.png
0x0000,222.684,148.456,-20.65,-0.899,-72.004,-106.038,1,3,1743801345782,1743801345785,data_Color_1743801345785.86230468750000.png
0x0000,223.354,148.344,-21.208,-1.002,-70.258,-106.129,1,3,1743801345848,1743801345853,data_Color_1743801345853.27124023437500.png
0x0000,224.358,148.344,-21.766,-0.725,-68.204,-106.594,1,3,1743801345915,1743801345920,data_Color_1743801345920.32690429687500.png
0x0000,225.586,148.456,-22.436,-0.084,-65.431,-107.404,1,3,1743801345981,1743801345987,data_Color_1743801345987.56567382812500.png
0x0000,227.484,148.344,-23.664,0.56,-67.22,-108.292,1,3,1743801346059,1743801346054,data_Color_1743801346054.85058593750000.png
0x0000,228.712,148.344,-24.78,0.881,-64.614,-108.76,1,3,1743801346126,1743801346122,data_Color_1743801346122.26123046875000.png
0x0000,229.939,148.233,-26.119,0.913,-62.118,-108.894,1,3,1743801346192,1743801346189,data_Color_1743801346189.08105468750000.png
0x0000,230.721,148.01,-27.236,0.771,-60.035,-108.874,1,3,1743801346259,1743801346256,data_Color_1743801346256.38281250000000.png
0x0000,231.502,147.786,-28.575,0.53,-58.156,-108.791,1,3,1743801346325,1743801346323,data_Color_1743801346323.53369140625000.png
0x0000,232.172,147.675,-29.356,0.521,-56.561,-108.82,1,3,1743801346392,1743801346390,data_Color_1743801346390.64355468750000.png
0x0000,232.618,147.898,-29.803,0.88,-55.055,-109.057,1,3,1743801346458,1743801346458,data_Color_1743801346458.03759765625000.png
0x0000,233.4,147.898,-30.361,1.285,-53.193,-109.292,1,3,1743801346525,1743801346525,data_Color_1743801346525.04711914062500.png
0x0000,234.404,147.786,-31.254,1.514,-51.04,-109.427,1,3,1743801346592,1743801346592,data_Color_1743801346592.30200195312500.png
0x0000,234.962,147.898,-31.589,1.732,-49.735,-109.609,1,3,1743801346658,1743801346659,data_Color_1743801346659.68212890625000.png
0x0000,235.074,148.01,-31.924,1.859,-49.068,-109.701,1,3,1743801346725,1743801346726,data_Color_1743801346726.59790039062500.png
0x0000,235.186,147.898,-32.37,1.819,-48.59,-109.635,1,3,1743801346791,1743801346793,data_Color_1743801346793.94726562500000.png
0x0000,235.521,147.786,-32.705,1.644,-48.085,-109.458,1,3,1743801346858,1743801346861,data_Color_1743801346861.64428710937500.png
0x0000,235.967,147.786,-33.263,1.574,-47.162,-109.388,1,3,1743801346925,1743801346928,data_Color_1743801346928.23071289062500.png
0x0000,236.302,148.01,-33.598,1.826,-46.092,-109.657,1,3,1743801346991,1743801346995,data_Color_1743801346995.50048828125000.png
0x0000,236.413,148.121,-33.375,2.227,-45.771,-110.148,1,3,1743801347058,1743801347062,data_Color_1743801347062.81005859375000.png
0x0000,236.413,148.233,-33.04,2.525,-45.931,-110.5,1,4,1743801347124,1743801347129,data_Color_1743801347129.84716796875000.png
0x0000,236.19,148.233,-32.928,2.688,-46.163,-110.729,1,4,1743801347202,1743801347197,data_Color_1743801347197.01708984375000.png
0x0000,236.079,148.233,-32.593,2.795,-46.487,-110.89,1,4,1743801347268,1743801347264,data_Color_1743801347264.41357421875000.png
0x0000,235.744,148.233,-32.147,2.858,-47.296,-111.032,1,4,1743801347335,1743801347331,data_Color_1743801347331.37084960937500.png
0x0000,235.744,148.344,-31.7,2.992,-47.647,-111.194,1,4,1743801347402,1743801347398,data_Color_1743801347398.62402343750000.png
0x0000,235.632,148.344,-31.366,3.138,-47.835,-111.372,1,4,1743801347468,1743801347465,data_Color_1743801347465.90063476562500.png
0x0000,235.409,148.456,-30.919,3.292,-48.285,-111.594,1,4,1743801347535,1743801347533,data_Color_1743801347533.00170898437500.png
0x0000,235.186,148.456,-30.361,3.427,-48.877,-111.837,1,4,1743801347601,1743801347600,data_Color_1743801347600.22753906250000.png
0x0000,235.297,148.456,-30.138,3.526,-49.068,-111.972,1,4,1743801347668,1743801347667,data_Color_1743801347667.54248046875000.png
0x0000,235.297,148.456,-30.138,3.587,-49.026,-112.043,1,4,1743801347734,1743801347734,data_Color_1743801347734.60034179687500.png
0x0000,235.186,148.456,-30.026,3.661,-49.004,-112.106,1,4,1743801347801,1743801347801,data_Color_1743801347801.82128906250000.png
0x0000,235.074,148.568,-29.914,3.812,-49.026,-112.219,1,4,1743801347868,1743801347869,data_Color_1743801347869.45849609375000.png
0x0000,235.074,148.791,-29.691,4.018,-49.058,-112.384,1,4,1743801347934,1743801347936,data_Color_1743801347936.10888671875000.png
0x0000,235.074,148.903,-29.468,4.219,-49.036,-112.507,1,4,1743801348001,1743801348003,data_Color_1743801348003.46923828125000.png
0x0000,235.186,149.126,-29.356,4.404,-48.834,-112.632,1,5,1743801348067,1743801348070,data_Color_1743801348070.86547851562500.png
0x0000,234.739,149.572,-29.021,4.458,-48.358,-112.753,1,5,1743801348134,1743801348137,data_Color_1743801348137.81420898437500.png
0x0000,233.511,150.13,-28.687,4.158,-47.918,-112.646,1,5,1743801348200,1743801348205,data_Color_1743801348205.11523437500000.png
0x0000,232.507,150.688,-28.687,3.818,-47.564,-112.496,1,5,1743801348267,1743801348272,data_Color_1743801348272.56518554687500.png
0x0000,232.06,151.023,-28.463,3.612,-46.977,-112.454,1,5,1743801348333,1743801348339,data_Color_1743801348339.64477539062500.png
0x0000,232.953,151.581,-28.017,3.917,-45.381,-112.848,1,5,1743801348411,1743801348406,data_Color_1743801348406.71118164062500.png
0x0000,234.293,152.14,-27.682,4.54,-45.172,-113.257,1,5,1743801348478,1743801348473,data_Color_1743801348473.55883789062500.png
0x0000,235.186,152.586,-27.682,4.905,-45.6,-113.452,1,5,1743801348544,1743801348540,data_Color_1743801348540.69213867187500.png
0x0000,235.521,152.698,-27.794,5.101,-46.305,-113.539,1,5,1743801348611,1743801348607,data_Color_1743801348607.96044921875000.png
0x0000,235.409,152.698,-27.459,5.415,-48.802,-113.634,1,5,1743801348677,1743801348675,data_Color_1743801348675.10449218750000.png
0x0000,234.851,152.586,-27.124,5.796,-51.476,-113.756,1,5,1743801348744,1743801348742,data_Color_1743801348742.26831054687500.png
0x0000,235.074,152.586,-27.57,6.06,-52.867,-113.818,1,5,1743801348811,1743801348809,data_Color_1743801348809.57934570312500.png
0x0000,235.521,152.698,-28.24,5.966,-54.197,-113.649,1,5,1743801348877,1743801348876,data_Color_1743801348876.70751953125000.png
0x0000,235.855,153.033,-28.575,5.917,-56.333,-113.437,1,5,1743801348944,1743801348943,data_Color_1743801348943.89990234375000.png
0x0000,236.19,153.702,-28.798,6.062,-58.879,-113.204,1,6,1743801349010,1743801349011,data_Color_1743801349011.12109375000000.png
0x0000,236.748,154.26,-28.91,6.505,-61.045,-113.221,1,6,1743801349077,1743801349078,data_Color_1743801349078.34790039062500.png
0x0000,237.418,154.484,-29.133,7.0,-62.676,-113.469,1,6,1743801349143,1743801349145,data_Color_1743801349145.50390625000000.png
0x0000,238.088,154.484,-29.58,7.222,-63.89,-113.635,1,6,1743801349210,1743801349212,data_Color_1743801349212.73803710937500.png
0x0000,238.199,154.484,-29.914,7.169,-65.242,-113.576,1,6,1743801349277,1743801349280,data_Color_1743801349280.06079101562500.png
0x0000,238.311,154.372,-30.138,7.063,-66.772,-113.462,1,6,1743801349343,1743801349347,data_Color_1743801349347.10449218750000.png
0x0000,238.423,154.26,-30.473,7.307,-68.178,-113.651,1,6,1743801349410,1743801349414,data_Color_1743801349414.34936523437500.png
0x0000,238.534,154.26,-30.473,7.695,-69.777,-113.967,1,6,1743801349476,1743801349481,data_Color_1743801349481.61987304687500.png
0x0000,238.758,154.26,-30.249,8.367,-66.393,-114.46,1,6,1743801349543,1743801349548,data_Color_1743801349548.69995117187500.png
0x0000,239.092,154.26,-29.914,8.728,-68.604,-114.514,1,6,1743801349609,1743801349615,data_Color_1743801349615.95947265625000.png
0x0000,238.981,154.149,-29.245,8.665,-71.823,-113.954,1,6,1743801349687,1743801349683,data_Color_1743801349683.20800781250000.png
0x0000,238.981,154.372,-28.463,8.706,-74.718,-113.448,1,6,1743801349754,1743801349750,data_Color_1743801349750.28002929687500.png
0x0000,239.427,154.595,-27.905,9.144,-76.889,-113.428,1,6,1743801349820,1743801349817,data_Color_1743801349817.49365234375000.png
0x0000,239.874,154.93,-27.459,10.244,-78.13,-114.193,1,6,1743801349887,1743801349884,data_Color_1743801349884.81005859375000.png
0x0000,240.543,155.265,-27.012,11.448,-78.406,-115.25,1,6,1743801349953,1743801349951,data_Color_1743801349951.87670898437500.png
0x0000,240.878,155.6,-26.566,12.248,-78.381,-116.016,1,6,1743801350020,1743801350019,data_Color_1743801350019.11523437500000.png
0x0000,240.878,156.046,-26.231,12.591,-78.438,-116.368,1,6,1743801350086,1743801350086,data_Color_1743801350086.40771484375000.png
0x0000,240.878,156.604,-26.008,11.615,-78.884,-115.398,1,6,1743801350153,1743801350153,data_Color_1743801350153.48876953125000.png
0x0000,240.432,157.721,-26.677,1.451,-80.718,-105.326,1,6,1743801350220,1743801350220,data_Color_1743801350220.74194335937500.png
0x0000,239.985,158.39,-27.794,-15.786,-81.939,-87.985,1,6,1743801350286,1743801350287,data_Color_1743801350287.92163085937500.png
0x0000,239.985,159.283,-28.687,-37.338,-81.573,-66.147,1,6,1743801350353,1743801350355,data_Color_1743801350355.57788085937500.png
0x0000,240.209,160.4,-29.021,-53.853,-79.94,-49.302,1,6,1743801350419,1743801350422,data_Color_1743801350422.34350585937500.png
0x0000,240.655,161.627,-29.021,-62.447,-78.272,-40.536,1,6,1743801350486,1743801350489,data_Color_1743801350489.76123046875000.png
0x0000,240.767,163.078,-29.245,-66.569,-77.058,-36.161,1,6,1743801350552,1743801350556,data_Color_1743801350556.70190429687500.png
0x0000,240.99,164.306,-29.691,-69.64,-75.878,-32.878,1,6,1743801350619,1743801350623,data_Color_1743801350623.94921875000000.png
0x0000,241.548,165.534,-30.249,-71.803,-74.525,-30.466,1,6,1743801350686,1743801350691,data_Color_1743801350691.09521484375000.png
0x0000,242.329,166.874,-30.919,-73.21,-72.934,-28.775,1,6,1743801350763,1743801350758,data_Color_1743801350758.23413085937500.png
0x0000,243.111,167.99,-31.366,-73.917,-71.603,-27.969,1,6,1743801350830,1743801350825,data_Color_1743801350825.50244140625000.png
0x0000,243.446,168.771,-32.035,-74.863,-70.004,-26.842,1,6,1743801350896,1743801350892,data_Color_1743801350892.87744140625000.png
0x0000,243.557,169.664,-32.482,-76.38,-68.175,-25.029,1,7,1743801350963,1743801350959,data_Color_1743801350959.84667968750000.png
0x0000,243.669,170.445,-33.04,-76.913,-66.525,-24.37,1,7,1743801351030,1743801351027,data_Color_1743801351027.13549804687500.png
0x0000,243.669,171.227,-33.598,-76.912,-65.265,-24.371,1,7,1743801351096,1743801351094,data_Color_1743801351094.54833984375000.png
0x0000,243.78,172.008,-34.268,-76.784,-64.022,-24.51,1,7,1743801351163,1743801351161,data_Color_1743801351161.54589843750000.png
0x0000,244.004,172.678,-35.272,-77.081,-62.597,-24.232,1,7,1743801351229,1743801351228,data_Color_1743801351228.63671875000000.png
0x0000,244.227,173.236,-36.277,-77.879,-69.516,-23.479,1,7,1743801351296,1743801351295,data_Color_1743801351295.99169921875000.png
0x0000,244.339,174.241,-37.058,-78.497,-68.291,-22.789,1,7,1743801351362,1743801351362,data_Color_1743801351362.98999023437500.png
0x0000,244.785,175.245,-37.505,-78.662,-67.076,-22.519,1,6,1743801351429,1743801351430,data_Color_1743801351430.31274414062500.png
0x0000,245.455,176.026,-37.84,-78.754,-65.987,-22.293,1,6,1743801351496,1743801351497,data_Color_1743801351497.75244140625000.png
0x0000,246.236,176.919,-38.286,-78.849,-64.976,-22.136,1,6,1743801351562,1743801351564,data_Color_1743801351564.61889648437500.png
0x0000,246.683,177.812,-39.067,-79.022,-63.985,-21.908,1,6,1743801351629,1743801351631,data_Color_1743801351631.98510742187500.png
0x0000,246.906,178.705,-39.849,-79.095,-63.013,-21.801,1,6,1743801351695,1743801351699,data_Color_1743801351699.00683593750000.png
0x0000,247.129,179.71,-40.072,-79.124,-62.268,-21.718,1,6,1743801351762,1743801351766,data_Color_1743801351766.17431640625000.png
0x0000,247.241,180.715,-40.295,-79.243,-61.687,-21.478,1,6,1743801351828,1743801351833,data_Color_1743801351833.42407226562500.png
0x0000,247.799,181.608,-40.853,-79.654,-61.045,-21.036,1,6,1743801351895,1743801351900,data_Color_1743801351900.58764648437500.png
0x0000,248.357,181.942,-42.193,-80.089,-60.373,-20.655,1,6,1743801351961,1743801351967,data_Color_1743801351967.76318359375000.png
0x0000,248.803,182.166,-43.086,-80.421,-59.729,-20.327,1,6,1743801352039,1743801352035,data_Color_1743801352035.13232421875000.png
0x0000,248.915,182.166,-43.532,-80.483,-59.466,-20.29,1,6,1743801352106,1743801352102,data_Color_1743801352102.14404296875000.png
0x0000,248.692,182.166,-43.644,-80.495,-59.384,-20.368,1,6,1743801352172,1743801352169,data_Color_1743801352169.37255859375000.png
0x0000,248.692,182.054,-43.644,-80.529,-59.356,-20.384,1,5,1743801352239,1743801352236,data_Color_1743801352236.77148437500000.png
0x0000,248.58,181.942,-43.532,-80.59,-59.342,-20.375,1,5,1743801352305,1743801352303,data_Color_1743801352303.82690429687500.png
0x0000,248.58,181.831,-43.421,-80.671,-59.342,-20.344,1,5,1743801352372,1743801352371,data_Color_1743801352371.05566406250000.png
0x0000,248.357,181.608,-43.197,-80.795,-59.397,-20.365,1,5,1743801352438,1743801352438,data_Color_1743801352438.54565429687500.png
0x0000,248.134,181.384,-42.751,-80.835,-59.507,-20.48,1,5,1743801352505,1743801352505,data_Color_1743801352505.38159179687500.png
0x0000,248.022,181.384,-42.416,-80.88,-59.549,-20.517,1,5,1743801352572,1743801352572,data_Color_1743801352572.54638671875000.png
0x0000,248.022,181.496,-42.416,-81.027,-59.466,-20.425,1,4,1743801352638,1743801352639,data_Color_1743801352639.83740234375000.png
0x0000,248.022,181.496,-42.639,-81.219,-59.37,-20.32,1,4,1743801352705,1743801352706,data_Color_1743801352706.97290039062500.png
0x0000,247.799,181.719,-43.086,-82.065,-59.192,-19.692,1,4,1743801352771,1743801352774,data_Color_1743801352774.10473632812500.png
0x0000,247.129,181.384,-42.862,-84.664,-59.288,-17.365,1,4,1743801352838,1743801352841,data_Color_1743801352841.60668945312500.png
0x0000,245.901,181.273,-42.193,-88.601,-59.659,-13.462,1,4,1743801352905,1743801352908,data_Color_1743801352908.58715820312500.png
0x0000,245.343,181.608,-41.3,-91.917,-59.993,-9.856,1,4,1743801352971,1743801352975,data_Color_1743801352975.80712890625000.png
0x0000,245.232,181.608,-40.184,-95.257,-60.105,-6.26,1,4,1743801353038,1743801353043,data_Color_1743801353043.17553710937500.png
0x0000,244.785,181.608,-39.179,-99.116,-60.147,-2.123,1,4,1743801353115,1743801353110,data_Color_1743801353110.02929687500000.png
0x0000,244.339,181.942,-38.063,-102.63,-60.204,1.746,1,3,1743801353182,1743801353177,data_Color_1743801353177.37011718750000.png
0x0000,244.115,182.5,-36.388,-106.273,-60.246,5.861,1,3,1743801353248,1743801353244,data_Color_1743801353244.54150390625000.png
0x0000,244.004,183.17,-34.044,-109.688,-60.501,9.88,1,3,1743801353315,1743801353311,data_Color_1743801353311.76074218750000.png
0x0000,243.78,183.617,-30.807,-112.687,-60.858,13.594,1,3,1743801353382,1743801353379,data_Color_1743801353379.35913085937500.png
0x0000,242.999,184.063,-27.57,-115.45,-61.132,17.023,1,3,1743801353448,1743801353446,data_Color_1743801353446.20800781250000.png
0x0000,241.66,183.84,-25.003,-118.622,-61.161,20.716,1,4,1743801353515,1743801353513,data_Color_1743801353513.29736328125000.png
0x0000,240.543,182.947,-22.659,-121.2,-61.204,23.693,1,4,1743801353581,1743801353580,data_Color_1743801353580.75488281250000.png
0x0000,239.762,181.831,-20.65,-123.332,-61.161,26.286,1,4,1743801353648,1743801353648,data_Color_1743801353648.10131835937500.png
0x0000,239.316,180.38,-19.757,-124.777,-61.059,27.942,1,4,1743801353714,1743801353714,data_Color_1743801353714.84008789062500.png
0x0000,239.204,178.705,-19.645,-125.813,-60.843,28.949,1,4,1743801353781,1743801353782,data_Color_1743801353782.02441406250000.png
0x0000,238.869,177.366,-19.645,-126.784,-60.614,29.961,1,4,1743801353848,1743801353849,data_Color_1743801353849.40234375000000.png
0x0000,238.534,176.361,-19.31,-127.813,-60.387,31.136,1,4,1743801353914,1743801353916,data_Color_1743801353916.48168945312500.png
0x0000,238.311,175.692,-18.529,-129.181,-59.951,32.733,1,4,1743801353981,1743801353983,data_Color_1743801353983.61962890625000.png
0x0000,238.423,175.133,-17.859,-130.96,-59.356,34.775,1,4,1743801354047,1743801354051,data_Color_1743801354051.13647460937500.png
0x0000,238.423,174.91,-17.19,-132.608,-58.717,36.73,1,4,1743801354114,1743801354118,data_Color_1743801354118.09423828125000.png
0x0000,238.534,174.687,-16.632,-133.854,-58.222,38.278,1,4,1743801354180,1743801354185,data_Color_1743801354185.32592773437500.png
0x0000,238.646,174.575,-15.962,-134.944,-57.682,39.598,1,4,1743801354247,1743801354252,data_Color_1743801354252.61279296875000.png
0x0000,238.646,174.464,-15.627,-135.948,-57.149,40.765,1,4,1743801354313,1743801354319,data_Color_1743801354319.59130859375000.png
0x0000,238.423,174.464,-15.292,-137.058,-56.434,42.126,1,4,1743801354391,1743801354386,data_Color_1743801354386.85449218750000.png
0x0000,238.311,174.352,-14.957,-137.636,-56.119,42.852,1,4,1743801354458,1743801354454,data_Color_1743801354454.06591796875000.png
0x0000,238.423,174.352,-14.846,-137.788,-56.132,43.029,1,4,1743801354524,1743801354521,data_Color_1743801354521.23706054687500.png
0x0000,238.423,174.352,-14.734,-137.818,-56.17,43.045,1,4,1743801354591,1743801354588,data_Color_1743801354588.51806640625000.png
0x0000,238.423,174.241,-14.622,-137.829,-56.195,43.043,1,4,1743801354658,1743801354655,data_Color_1743801354655.66870117187500.png
0x0000,238.423,174.241,-14.511,-137.859,-56.245,43.058,1,4,1743801354724,1743801354722,data_Color_1743801354722.82958984375000.png
0x0000,238.311,174.352,-14.288,-137.985,-56.258,43.209,1,4,1743801354791,1743801354789,data_Color_1743801354789.93286132812500.png
0x0000,238.199,174.464,-14.064,-138.128,-56.27,43.387,1,4,1743801354857,1743801354857,data_Color_1743801354857.25317382812500.png
0x0000,238.088,174.464,-13.953,-138.269,-56.258,43.557,1,4,1743801354924,1743801354924,data_Color_1743801354924.39208984375000.png
0x0000,237.976,174.352,-13.841,-138.428,-56.232,43.718,1,5,1743801354990,1743801354991,data_Color_1743801354991.59790039062500.png
0x0000,237.976,174.352,-13.841,-138.586,-56.207,43.888,1,5,1743801355057,1743801355058,data_Color_1743801355058.97290039062500.png
0x0000,237.865,174.352,-13.618,-138.938,-56.157,44.218,1,5,1743801355123,1743801355125,data_Color_1743801355125.93090820312500.png
0x0000,237.53,174.352,-13.171,-139.836,-56.007,45.08,1,5,1743801355190,1743801355193,data_Color_1743801355193.50512695312500.png
0x0000,237.195,173.794,-13.171,-140.976,-55.448,46.186,1,5,1743801355257,1743801355260,data_Color_1743801355260.51049804687500.png
0x0000,237.195,172.566,-13.953,-142.539,-54.245,47.795,1,5,1743801355323,1743801355327,data_Color_1743801355327.70605468750000.png
0x0000,237.53,170.78,-14.846,-144.404,-52.856,49.65,1,5,1743801355390,1743801355394,data_Color_1743801355394.82836914062500.png
0x0000,237.418,169.218,-14.957,-146.987,-50.907,52.245,1,5,1743801355467,1743801355462,data_Color_1743801355462.08764648437500.png
0x0000,236.972,168.101,-14.399,-149.009,-49.293,54.34,1,5,1743801355534,1743801355529,data_Color_1743801355529.19287109375000.png
0x0000,236.972,166.65,-13.953,-150.355,-48.19,55.734,1,5,1743801355601,1743801355596,data_Color_1743801355596.28247070312500.png
0x0000,237.306,164.753,-14.064,-151.349,-47.43,56.565,1,6,1743801355667,1743801355663,data_Color_1743801355663.81079101562500.png
0x0000,237.53,162.967,-14.734,-152.219,-46.63,57.208,1,6,1743801355734,1743801355730,data_Color_1743801355730.61669921875000.png
0x0000,237.53,161.292,-15.069,-153.081,-45.791,57.854,1,6,1743801355800,1743801355797,data_Color_1743801355797.89648437500000.png
0x0000,237.306,159.841,-14.957,-154.132,-44.846,58.593,1,6,1743801355867,1743801355865,data_Color_1743801355865.34594726562500.png
0x0000,237.083,158.39,-14.622,-155.181,-44.062,59.308,1,6,1743801355933,1743801355932,data_Color_1743801355932.37890625000000.png
0x0000,237.306,157.274,-14.511,-155.801,-43.664,59.705,1,6,1743801356000,1743801355999,data_Color_1743801355999.43188476562500.png
0x0000,237.865,156.381,-14.622,-156.062,-43.5,59.805,1,6,1743801356066,1743801356066,data_Color_1743801356066.79638671875000.png
0x0000,238.423,155.265,-14.846,-156.302,-43.279,59.883,1,6,1743801356133,1743801356134,data_Color_1743801356134.00097656250000.png
0x0000,238.981,154.372,-14.957,-156.565,-43.048,60.056,1,6,1743801356200,1743801356201,data_Color_1743801356201.00830078125000.png
0x0000,239.316,153.479,-14.846,-156.818,-42.876,60.24,1,6,1743801356266,1743801356268,data_Color_1743801356268.43237304687500.png
0x0000,239.65,152.809,-14.734,-157.044,-42.8,60.38,1,6,1743801356333,1743801356335,data_Color_1743801356335.74926757812500.png
0x0000,239.985,152.251,-14.399,-157.204,-42.762,60.434,1,6,1743801356399,1743801356403,data_Color_1743801356403.42285156250000.png
0x0000,240.432,151.581,-14.288,-157.335,-42.753,60.409,1,6,1743801356466,1743801356469,data_Color_1743801356469.66357421875000.png
0x0000,240.767,151.023,-14.399,-157.374,-42.81,60.282,1,6,1743801356533,1743801356536,data_Color_1743801356536.77636718750000.png
0x0000,241.102,150.465,-14.622,-157.382,-42.867,60.13,1,6,1743801356599,1743801356604,data_Color_1743801356604.23486328125000.png
0x0000,241.436,150.242,-14.846,-157.399,-42.934,60.001,1,6,1743801356666,1743801356671,data_Color_1743801356671.24047851562500.png
0x0000,241.548,150.13,-14.846,-157.449,-42.982,59.956,1,6,1743801356743,1743801356738,data_Color_1743801356738.45043945312500.png
0x0000,241.548,150.242,-14.734,-157.531,-42.991,59.96,1,7,1743801356810,1743801356805,data_Color_1743801356805.77954101562500.png
0x0000,241.66,150.465,-14.288,-158.086,-43.192,60.052,1,7,1743801356876,1743801356872,data_Color_1743801356872.85131835937500.png
0x0000,241.883,151.135,-14.064,-159.501,-43.751,60.471,1,7,1743801356943,1743801356940,data_Color_1743801356940.18554687500000.png
0x0000,242.441,151.358,-14.064,-160.83,-44.247,61.093,1,7,1743801357010,1743801357007,data_Color_1743801357007.25048828125000.png
0x0000,243.222,151.358,-14.064,-161.643,-44.629,61.637,1,7,1743801357076,1743801357074,data_Color_1743801357074.47485351562500.png
0x0000,243.892,151.47,-13.953,-162.373,-45.033,62.124,1,7,1743801357143,1743801357141,data_Color_1743801357141.58886718750000.png
0x0000,244.673,151.47,-13.729,-163.542,-45.69,62.754,1,7,1743801357209,1743801357209,data_Color_1743801357209.17211914062500.png
0x0000,245.455,150.912,-13.953,-164.559,-46.579,63.203,1,7,1743801357276,1743801357276,data_Color_1743801357276.19409179687500.png
0x0000,246.348,150.242,-14.511,-165.448,-47.585,63.356,1,7,1743801357342,1743801357343,data_Color_1743801357343.26220703125000.png
0x0000,247.241,149.461,-15.627,-166.342,-48.4,63.581,1,7,1743801357409,1743801357410,data_Color_1743801357410.40063476562500.png
0x0000,248.022,148.568,-16.632,-166.923,-48.749,63.852,1,7,1743801357476,1743801357477,data_Color_1743801357477.72509765625000.png
0x0000,248.469,147.898,-17.301,-167.232,-48.855,64.106,1,7,1743801357542,1743801357544,data_Color_1743801357544.91186523437500.png
0x0000,249.027,147.117,-17.636,-167.744,-49.036,64.566,1,7,1743801357609,1743801357611,data_Color_1743801357611.95336914062500.png
0x0000,249.473,146.224,-17.525,-168.998,-49.465,65.505,1,7,1743801357675,1743801357679,data_Color_1743801357679.35791015625000.png
0x0000,249.362,145.777,-16.855,-170.745,-49.638,66.708,1,7,1743801357742,1743801357746,data_Color_1743801357746.48852539062500.png
0x0000,248.803,145.666,-16.185,-172.22,-49.101,67.826,1,7,1743801357808,1743801357813,data_Color_1743801357813.59741210937500.png
0x0000,247.799,145.889,-15.739,-173.606,-47.783,68.937,1,7,1743801357875,1743801357880,data_Color_1743801357880.86596679687500.png
0x0000,246.348,145.777,-15.069,-174.794,-45.921,70.111,1,7,1743801357953,1743801357948,data_Color_1743801357948.07592773437500.png
0x0000,245.566,145.777,-14.622,-175.172,-44.935,70.756,1,7,1743801358019,1743801358015,data_Color_1743801358015.50927734375000.png
0x0000,245.232,145.666,-14.064,-175.309,-44.355,71.222,1,7,1743801358086,1743801358082,data_Color_1743801358082.42163085937500.png
0x0000,245.12,145.666,-13.506,-175.369,-44.091,71.547,1,7,1743801358152,1743801358149,data_Color_1743801358149.76806640625000.png
0x0000,244.897,145.442,-13.06,-175.445,-44.003,71.771,1,7,1743801358219,1743801358216,data_Color_1743801358216.84960937500000.png
0x0000,244.785,145.219,-12.502,-175.603,-43.974,71.983,1,7,1743801358285,1743801358284,data_Color_1743801358284.18554687500000.png
0x0000,244.673,144.773,-12.167,-175.772,-43.926,72.112,1,7,1743801358352,1743801358351,data_Color_1743801358351.25585937500000.png
0x0000,244.45,144.549,-11.943,-175.847,-43.819,72.105,1,7,1743801358418,1743801358418,data_Color_1743801358418.49194335937500.png
0x0000,244.227,144.438,-11.832,-175.924,-43.693,72.152,1,7,1743801358485,1743801358485,data_Color_1743801358485.66479492187500.png
0x0000,244.339,144.438,-11.832,-176.017,-43.606,72.222,1,7,1743801358552,1743801358552,data_Color_1743801358552.81103515625000.png
0x0000,244.339,144.326,-11.72,-176.079,-43.539,72.282,1,7,1743801358618,1743801358620,data_Color_1743801358620.00390625000000.png
0x0000,244.45,144.438,-11.497,-176.131,-43.49,72.358,1,7,1743801358685,1743801358687,data_Color_1743801358687.16870117187500.png
0x0000,244.45,144.549,-11.162,-176.365,-43.461,72.586,1,7,1743801358751,1743801358754,data_Color_1743801358754.42163085937500.png
0x0000,244.562,144.884,-10.492,-177.279,-43.51,73.219,1,7,1743801358818,1743801358821,data_Color_1743801358821.82763671875000.png
0x0000,244.897,145.331,-10.158,-178.387,-43.596,73.707,1,7,1743801358885,1743801358888,data_Color_1743801358888.96606445312500.png
0x0000,245.12,145.554,-10.604,-179.7,-43.683,73.903,1,7,1743801358951,1743801358956,data_Color_1743801358956.00268554687500.png
0x0000,245.232,145.666,-11.05,178.731,-43.742,74.061,1,7,1743801359018,1743801359023,data_Color_1743801359023.32568359375000.png
0x0000,244.897,146.0,-10.939,176.571,-43.732,74.475,1,7,1743801359095,1743801359090,data_Color_1743801359090.55346679687500.png
0x0000,244.004,146.224,-10.492,174.543,-43.51,74.965,1,7,1743801359162,1743801359157,data_Color_1743801359157.56030273437500.png
0x0000,242.664,146.447,-10.046,172.472,-42.982,75.451,1,7,1743801359228,1743801359224,data_Color_1743801359224.78881835937500.png
0x0000,240.99,146.447,-9.823,170.345,-42.306,75.888,1,7,1743801359295,1743801359292,data_Color_1743801359292.05371093750000.png
0x0000,239.65,146.112,-10.158,168.342,-41.854,76.385,1,7,1743801359362,1743801359359,data_Color_1743801359359.22778320312500.png
0x0000,238.869,145.666,-10.827,166.563,-41.433,76.792,1,6,1743801359428,1743801359426,data_Color_1743801359426.39331054687500.png
0x0000,237.865,145.219,-11.162,164.792,-40.295,77.023,1,6,1743801359495,1743801359493,data_Color_1743801359493.54248046875000.png
0x0000,236.413,144.996,-11.162,163.341,-38.763,77.134,1,6,1743801359561,1743801359561,data_Color_1743801359561.16040039062500.png
0x0000,235.632,145.331,-10.604,162.433,-38.307,77.464,1,6,1743801359628,1743801359628,data_Color_1743801359628.04370117187500.png
0x0000,235.409,145.554,-9.823,161.864,-38.36,77.701,1,6,1743801359694,1743801359695,data_Color_1743801359695.15234375000000.png
0x0000,235.297,145.554,-9.265,161.43,-38.271,77.799,1,6,1743801359761,1743801359762,data_Color_1743801359762.27099609375000.png
0x0000,235.297,145.554,-8.93,161.056,-38.2,77.948,1,6,1743801359828,1743801359829,data_Color_1743801359829.61645507812500.png
0x0000,235.074,145.666,-8.706,160.704,-38.129,78.169,1,5,1743801359894,1743801359896,data_Color_1743801359896.79150390625000.png
0x0000,234.962,145.554,-8.595,160.355,-38.04,78.418,1,5,1743801359961,1743801359963,data_Color_1743801359963.80468750000000.png
0x0000,234.962,145.554,-8.372,159.962,-37.996,78.699,1,5,1743801360027,1743801360031,data_Color_1743801360031.32202148437500.png
0x0000,234.739,145.442,-8.148,159.552,-38.004,78.969,1,5,1743801360094,1743801360098,data_Color_1743801360098.40283203125000.png
0x0000,234.739,145.442,-7.702,159.236,-38.04,79.171,1,5,1743801360160,1743801360165,data_Color_1743801360165.44458007812500.png
0x0000,234.739,145.554,-7.367,159.028,-38.04,79.343,1,5,1743801360227,1743801360232,data_Color_1743801360232.92553710937500.png
0x0000,234.739,145.554,-7.367,158.89,-38.058,79.493,1,5,1743801360293,1743801360299,data_Color_1743801360299.93334960937500.png
0x0000,234.739,145.554,-7.479,158.772,-38.129,79.628,1,5,1743801360371,1743801360367,data_Color_1743801360367.50122070312500.png
0x0000,234.851,145.554,-7.59,158.668,-38.191,79.79,1,5,1743801360438,1743801360434,data_Color_1743801360434.37133789062500.png
0x0000,235.074,145.554,-7.925,158.435,-38.289,80.482,1,5,1743801360504,1743801360501,data_Color_1743801360501.88452148437500.png
0x0000,235.744,145.219,-8.818,157.826,-38.396,82.814,1,5,1743801360571,1743801360568,data_Color_1743801360568.63085937500000.png
0x0000,235.967,145.219,-9.265,157.307,-38.351,83.842,1,5,1743801360638,1743801360636,data_Color_1743801360636.09521484375000.png
0x0000,235.967,145.442,-9.711,156.642,-38.236,84.586,1,5,1743801360704,1743801360703,data_Color_1743801360703.38720703125000.png
0x0000,235.967,145.777,-10.269,155.702,-38.111,85.39,1,5,1743801360771,1743801360770,data_Color_1743801360770.22851562500000.png
0x0000,235.744,146.224,-10.716,154.003,-38.084,86.594,1,5,1743801360837,1743801360837,data_Color_1743801360837.51000976562500.png
0x0000,235.409,147.005,-10.939,151.769,-38.102,88.097,1,5,1743801360904,1743801360904,data_Color_1743801360904.84350585937500.png
0x0000,235.409,147.451,-11.05,150.202,-38.262,89.091,1,5,1743801360970,1743801360971,data_Color_1743801360971.83032226562500.png
0x0000,235.409,147.786,-11.497,149.114,-38.289,89.697,1,5,1743801361037,1743801361039,data_Color_1743801361039.09594726562500.png
0x0000,234.962,148.233,-11.943,147.748,-37.863,90.505,1,5,1743801361103,1743801361106,data_Color_1743801361106.47167968750000.png
0x0000,234.181,148.679,-11.72,146.107,-37.307,91.557,1,5,1743801361170,1743801361173,data_Color_1743801361173.37353515625000.png
0x0000,233.623,149.126,-11.274,144.565,-36.921,92.556,1,5,1743801361237,1743801361240,data_Color_1743801361240.88891601562500.png
0x0000,233.176,149.684,-10.939,143.064,-36.632,93.637,1,5,1743801361303,1743801361308,data_Color_1743801361308.11962890625000.png
0x0000,232.953,150.13,-11.05,141.362,-36.345,94.869,1,5,1743801361370,1743801361374,data_Color_1743801361374.96069335937500.png
0x0000,233.4,150.688,-11.274,139.458,-36.042,96.372,1,5,1743801361447,1743801361442,data_Color_1743801361442.40917968750000.png
0x0000,233.735,150.8,-11.162,138.298,-36.007,97.458,1,5,1743801361514,1743801361509,data_Color_1743801361509.35229492187500.png
0x0000,233.958,151.135,-10.939,137.287,-35.982,98.476,1,5,1743801361580,1743801361576,data_Color_1743801361576.52709960937500.png
0x0000,233.958,151.358,-10.716,136.263,-35.852,99.424,1,5,1743801361647,1743801361643,data_Color_1743801361643.95605468750000.png
0x0000,233.958,151.47,-10.492,135.305,-35.749,100.208,1,5,1743801361714,1743801361711,data_Color_1743801361711.17626953125000.png
0x0000,233.958,151.47,-10.604,134.562,-35.637,100.885,1,5,1743801361780,1743801361778,data_Color_1743801361778.20434570312500.png
0x0000,233.846,151.358,-10.604,134.01,-35.482,101.475,1,5,1743801361847,1743801361845,data_Color_1743801361845.52270507812500.png
0x0000,233.735,151.023,-10.381,133.587,-35.37,102.047,1,5,1743801361913,1743801361912,data_Color_1743801361912.86767578125000.png
0x0000,233.623,150.8,-10.158,133.26,-35.319,102.558,1,5,1743801361980,1743801361979,data_Color_1743801361979.66430664062500.png
0x0000,233.511,150.688,-10.046,132.976,-35.284,102.991,1,5,1743801362047,1743801362047,data_Color_1743801362047.07299804687500.png
0x0000,233.4,150.577,-9.934,132.711,-35.199,103.364,1,5,1743801362113,1743801362114,data_Color_1743801362114.08227539062500.png
0x0000,233.4,150.688,-9.599,132.472,-35.096,103.69,1,5,1743801362180,1743801362181,data_Color_1743801362181.34350585937500.png
0x0000,233.288,150.688,-9.376,132.172,-35.028,104.092,1,5,1743801362246,1743801362248,data_Color_1743801362248.71508789062500.png
0x0000,233.176,150.8,-9.265,131.781,-34.977,104.558,1,5,1743801362313,1743801362315,data_Color_1743801362315.86010742187500.png
0x0000,233.176,150.912,-9.041,131.25,-34.942,105.09,1,5,1743801362379,1743801362382,data_Color_1743801362382.91796875000000.png
0x0000,233.288,151.135,-8.706,130.59,-34.951,105.721,1,5,1743801362446,1743801362450,data_Color_1743801362450.32153320312500.png
0x0000,233.288,151.358,-8.372,129.799,-35.011,106.398,1,5,1743801362513,1743801362517,data_Color_1743801362517.41723632812500.png
0x0000,233.288,151.581,-8.148,128.813,-35.045,107.076,1,5,1743801362579,1743801362584,data_Color_1743801362584.43725585937500.png
0x0000,233.511,152.028,-8.372,127.472,-34.874,107.807,1,5,1743801362646,1743801362651,data_Color_1743801362651.80249023437500.png
0x0000,234.181,152.251,-8.483,125.834,-35.344,108.782,1,5,1743801362723,1743801362718,data_Color_1743801362718.86669921875000.png
0x0000,235.409,152.028,-8.483,124.325,-36.842,109.944,1,5,1743801362790,1743801362786,data_Color_1743801362786.12207031250000.png
0x0000,237.418,151.916,-8.818,122.373,-38.817,111.866,1,6,1743801362856,1743801362853,data_Color_1743801362853.81127929687500.png
0x0000,239.092,151.693,-9.265,120.989,-40.012,113.353,1,6,1743801362923,1743801362920,data_Color_1743801362920.61010742187500.png
0x0000,239.985,151.135,-9.599,120.024,-40.682,114.238,1,6,1743801362990,1743801362987,data_Color_1743801362987.68994140625000.png
0x0000,240.209,150.465,-9.711,119.168,-41.191,115.002,1,6,1743801363056,1743801363054,data_Color_1743801363054.95507812500000.png
0x0000,240.209,150.13,-9.823,118.446,-41.517,115.8,1,6,1743801363123,1743801363122,data_Color_1743801363122.03564453125000.png
0x0000,239.985,149.796,-9.934,117.928,-41.77,116.46,1,6,1743801363189,1743801363189,data_Color_1743801363189.26171875000000.png
0x0000,239.762,149.349,-10.046,117.657,-42.07,116.923,1,6,1743801363256,1743801363256,data_Color_1743801363256.60131835937500.png
0x0000,239.762,149.014,-10.158,117.472,-42.448,117.269,1,6,1743801363322,1743801363323,data_Color_1743801363323.66845703125000.png
0x0000,239.874,148.568,-10.269,117.256,-42.781,117.588,1,6,1743801363389,1743801363390,data_Color_1743801363390.77026367187500.png
0x0000,239.874,148.121,-10.381,116.869,-43.077,118.026,1,6,1743801363455,1743801363458,data_Color_1743801363458.41528320312500.png
0x0000,239.762,147.786,-10.492,116.086,-43.51,118.864,1,6,1743801363522,1743801363525,data_Color_1743801363525.17675781250000.png
0x0000,239.985,147.117,-9.934,114.319,-44.492,120.801,1,6,1743801363589,1743801363592,data_Color_1743801363592.39965820312500.png
0x0000,240.655,146.447,-9.153,112.017,-45.61,123.46,1,6,1743801363655,1743801363660,data_Color_1743801363660.04809570312500.png
0x0000,241.325,146.112,-8.595,109.826,-46.335,126.102,1,6,1743801363722,1743801363726,data_Color_1743801363726.76831054687500.png
0x0000,242.106,145.889,-8.372,107.464,-46.691,128.873,1,6,1743801363788,1743801363793,data_Color_1743801363793.94995117187500.png
0x0000,242.776,145.889,-8.372,104.494,-46.691,132.468,1,6,1743801363866,1743801363861,data_Color_1743801363861.24389648437500.png
0x0000,243.669,145.777,-8.595,101.669,-46.619,135.929,1,6,1743801363933,1743801363928,data_Color_1743801363928.36791992187500.png
0x0000,244.115,145.331,-8.93,99.088,-46.528,138.907,1,7,1743801363999,1743801363995,data_Color_1743801363995.49194335937500.png
0x0000,244.227,145.107,-9.153,97.18,-46.163,141.233,1,7,1743801364066,1743801364062,data_Color_1743801364062.86791992187500.png
0x0000,244.673,144.773,-9.153,95.34,-45.731,143.593,1,7,1743801364132,1743801364129,data_Color_1743801364129.93530273437500.png
0x0000,245.008,144.326,-9.599,94.012,-45.311,145.38,1,7,1743801364199,1743801364197,data_Color_1743801364197.18945312500000.png
0x0000,245.008,143.656,-10.158,93.584,-44.994,146.0,1,7,1743801364265,1743801364264,data_Color_1743801364264.50122070312500.png
0x0000,244.897,143.098,-10.716,93.475,-45.004,146.258,1,7,1743801364332,1743801364331,data_Color_1743801364331.76635742187500.png
0x0000,244.897,142.54,-11.385,93.536,-45.192,146.395,1,7,1743801364399,1743801364398,data_Color_1743801364398.93530273437500.png
0x0000,244.785,141.647,-12.39,93.861,-45.59,146.304,1,7,1743801364465,1743801364465,data_Color_1743801364465.67553710937500.png
0x0000,244.562,140.754,-13.283,94.129,-46.092,146.089,1,7,1743801364532,1743801364532,data_Color_1743801364532.95117187500000.png
0x0000,244.562,140.419,-13.729,93.879,-46.264,146.248,1,7,1743801364598,1743801364600,data_Color_1743801364600.12988281250000.png
0x0000,244.339,140.419,-13.841,93.653,-46.234,146.453,1,7,1743801364665,1743801364667,data_Color_1743801364667.61401367187500.png
0x0000,244.339,140.419,-13.841,93.579,-46.193,146.531,1,6,1743801364731,1743801364734,data_Color_1743801364734.58593750000000.png
0x0000,244.115,140.531,-13.729,93.409,-46.052,146.743,1,6,1743801364798,1743801364801,data_Color_1743801364801.82666015625000.png
0x0000,243.892,140.643,-13.618,92.938,-45.921,147.222,1,6,1743801364865,1743801364868,data_Color_1743801364868.93994140625000.png
0x0000,243.78,140.419,-13.618,92.627,-46.163,147.335,1,6,1743801364931,1743801364936,data_Color_1743801364936.12988281250000.png
0x0000,243.111,138.745,-12.836,92.939,-48.18,145.329,1,6,1743801364998,1743801365003,data_Color_1743801365003.31958007812500.png
0x0000,241.436,134.838,-11.385,93.668,-52.498,141.538,1,6,1743801365075,1743801365070,data_Color_1743801365070.58886718750000.png
0x0000,240.209,130.485,-10.604,93.876,-56.944,139.075,1,6,1743801365142,1743801365137,data_Color_1743801365137.78027343750000.png
0x0000,239.092,127.248,-10.492,94.404,-60.035,137.329,1,6,1743801365208,1743801365204,data_Color_1743801365204.92700195312500.png
0x0000,238.423,125.685,-10.492,94.882,-61.364,136.352,1,6,1743801365275,1743801365272,data_Color_1743801365272.22167968750000.png
0x0000,237.865,125.016,-10.604,94.778,-61.835,136.195,1,6,1743801365342,1743801365339,data_Color_1743801365339.42968750000000.png
0x0000,237.195,124.569,-10.716,94.312,-62.103,136.364,1,6,1743801365408,1743801365406,data_Color_1743801365406.63134765625000.png
0x0000,236.637,123.899,-10.716,93.705,-62.418,136.518,1,6,1743801365475,1743801365473,data_Color_1743801365473.91503906250000.png
0x0000,235.967,123.341,-10.604,92.89,-62.753,136.859,1,6,1743801365541,1743801365540,data_Color_1743801365540.96289062500000.png
0x0000,235.632,122.783,-10.381,92.005,-63.013,137.356,1,5,1743801365608,1743801365608,data_Color_1743801365608.14843750000000.png
0x0000,235.409,122.337,-10.158,91.433,-63.308,137.677,1,5,1743801365674,1743801365675,data_Color_1743801365675.35717773437500.png
0x0000,235.409,122.113,-10.158,90.945,-63.621,137.953,1,5,1743801365741,1743801365742,data_Color_1743801365742.58349609375000.png
0x0000,235.297,121.779,-10.158,90.271,-63.953,138.403,1,5,1743801365808,1743801365809,data_Color_1743801365809.69433593750000.png
0x0000,235.074,120.997,-10.046,89.364,-64.565,138.839,1,5,1743801365874,1743801365876,data_Color_1743801365876.89428710937500.png
0x0000,233.958,119.1,-9.488,89.136,-66.107,137.97,1,5,1743801365941,1743801365944,data_Color_1743801365944.19946289062500.png
0x0000,231.949,116.644,-9.041,90.526,-68.122,135.385,1,5,1743801366007,1743801366011,data_Color_1743801366011.30126953125000.png
0x0000,230.051,113.965,-8.372,93.271,-63.493,131.698,1,5,1743801366074,1743801366078,data_Color_1743801366078.57934570312500.png
0x0000,228.042,111.621,-7.702,97.378,-65.855,126.87,1,5,1743801366140,1743801366145,data_Color_1743801366145.79223632812500.png
0x0000,225.809,109.947,-6.697,102.32,-67.553,121.273,1,5,1743801366218,1743801366213,data_Color_1743801366213.02539062500000.png
0x0000,224.47,108.831,-6.251,103.943,-68.364,119.167,1,5,1743801366285,1743801366280,data_Color_1743801366280.19433593750000.png
0x0000,223.577,108.049,-5.804,103.411,-68.752,119.279,1,5,1743801366351,1743801366347,data_Color_1743801366347.38769531250000.png
0x0000,222.684,107.156,-5.135,102.239,-69.052,120.036,1,5,1743801366418,1743801366414,data_Color_1743801366414.53759765625000.png
0x0000,221.679,106.375,-4.465,100.767,-69.209,121.085,1,4,1743801366484,1743801366481,data_Color_1743801366481.74487304687500.png
0x0000,221.01,105.928,-3.907,99.574,-69.122,122.059,1,4,1743801366551,1743801366548,data_Color_1743801366548.93798828125000.png
0x0000,220.563,105.705,-3.907,99.281,-69.085,122.221,1,4,1743801366618,1743801366616,data_Color_1743801366616.53051757812500.png
0x0000,220.34,105.482,-4.465,99.239,-69.167,122.174,1,4,1743801366684,1743801366683,data_Color_1743801366683.37280273437500.png
0x0000,220.117,105.147,-5.358,98.826,-69.399,122.305,1,4,1743801366751,1743801366750,data_Color_1743801366750.54931640625000.png
0x0000,219.447,104.477,-6.809,98.418,-69.966,121.69,1,4,1743801366817,1743801366817,data_Color_1743801366817.64428710937500.png
0x0000,218.331,103.361,-7.925,99.6,-70.847,118.321,1,4,1743801366884,1743801366884,data_Color_1743801366884.94189453125000.png
0x0000,217.438,101.91,-8.148,101.76,-71.703,113.596,1,4,1743801366950,1743801366952,data_Color_1743801366952.10644531250000.png
0x0000,216.88,100.347,-7.479,104.972,-72.126,108.139,1,4,1743801367017,1743801367019,data_Color_1743801367019.23730468750000.png
0x0000,216.545,99.12,-6.586,109.838,-71.644,101.605,1,4,1743801367083,1743801367087,data_Color_1743801367087.00512695312500.png
0x0000,216.433,98.227,-5.916,114.661,-70.696,95.718,1,4,1743801367150,1743801367153,data_Color_1743801367153.70678710937500.png
0x0000,216.545,97.222,-5.469,118.693,-70.102,90.881,1,4,1743801367217,1743801367220,data_Color_1743801367220.81201171875000.png
0x0000,216.657,96.664,-5.135,121.082,-69.626,87.784,1,4,1743801367283,1743801367288,data_Color_1743801367288.06958007812500.png
0x0000,216.88,96.441,-4.911,121.469,-69.382,87.005,1,4,1743801367350,1743801367355,data_Color_1743801367355.33959960937500.png
0x0000,217.215,95.994,-4.576,120.892,-69.507,87.429,1,3,1743801367427,1743801367422,data_Color_1743801367422.43237304687500.png
0x0000,217.326,95.771,-4.465,120.579,-69.652,87.707,1,3,1743801367494,1743801367489,data_Color_1743801367489.83789062500000.png
0x0000,217.661,94.655,-4.8,119.442,-70.303,88.755,1,3,1743801367560,1743801367556,data_Color_1743801367556.91528320312500.png
0x0000,217.326,93.985,-5.358,118.681,-70.754,89.272,1,4,1743801367627,1743801367624,data_Color_1743801367624.08471679687500.png
0x0000,216.88,94.097,-5.916,117.483,-71.001,90.105,1,3,1743801367694,1743801367691,data_Color_1743801367691.26245117187500.png
0x0000,215.987,94.99,-6.697,115.131,-71.144,91.671,1,3,1743801367760,1743801367758,data_Color_1743801367758.32910156250000.png
0x0000,215.094,96.552,-7.255,114.194,-70.653,91.94,1,3,1743801367827,1743801367825,data_Color_1743801367825.62915039062500.png
0x0000,214.647,98.115,-7.032,113.192,-69.923,92.522,1,3,1743801367893,1743801367892,data_Color_1743801367892.82714843750000.png
0x0000,214.313,100.236,-6.586,111.884,-68.602,93.597,1,3,1743801367960,1743801367960,data_Color_1743801367960.08569335937500.png
0x0000,213.754,103.361,-6.697,111.683,-66.216,93.488,1,4,1743801368027,1743801368027,data_Color_1743801368027.19726562500000.png
0x0000,213.42,106.821,-6.921,111.428,-68.788,93.311,1,4,1743801368093,1743801368094,data_Color_1743801368094.52270507812500.png
0x0000,213.866,110.282,-7.032,110.649,-67.166,93.339,1,4,1743801368160,1743801368161,data_Color_1743801368161.67846679687500.png
0x0000,214.982,113.742,-7.479,108.675,-66.107,94.097,1,4,1743801368226,1743801368228,data_Color_1743801368228.88891601562500.png
0x0000,216.768,116.532,-7.925,105.892,-65.628,95.452,1,4,1743801368293,1743801368295,data_Color_1743801368295.96411132812500.png
0x0000,218.666,119.1,-8.037,103.123,-64.91,96.666,1,4,1743801368359,1743801368363,data_Color_1743801368363.13598632812500.png
0x0000,220.563,121.332,-7.925,100.288,-64.226,97.827,1,3,1743801368426,1743801368430,data_Color_1743801368430.60913085937500.png
0x0000,222.461,123.565,-7.144,97.107,-63.826,99.335,1,4,1743801368493,1743801368497,data_Color_1743801368497.67602539062500.png
0x0000,224.917,126.578,-6.139,90.993,-63.199,103.984,1,4,1743801368570,1743801368565,data_Color_1743801368565.07568359375000.png
0x0000,226.926,129.704,-5.246,85.132,-62.479,108.909,1,4,1743801368637,1743801368632,data_Color_1743801368632.11279296875000.png
0x0000,228.042,132.606,-4.911,80.998,-61.628,112.302,1,4,1743801368703,1743801368699,data_Color_1743801368699.23803710937500.png
0x0000,228.377,134.838,-4.911,78.89,-60.872,113.876,1,4,1743801368770,1743801368766,data_Color_1743801368766.81591796875000.png
0x0000,228.488,136.066,-5.246,77.942,-60.558,114.776,1,4,1743801368836,1743801368833,data_Color_1743801368833.51049804687500.png
0x0000,228.377,137.182,-5.916,77.293,-60.973,115.249,1,4,1743801368903,1743801368900,data_Color_1743801368900.82250976562500.png
0x0000,227.93,139.08,-6.697,76.302,-61.54,115.193,1,4,1743801368970,1743801368968,data_Color_1743801368968.11206054687500.png
0x0000,227.149,141.982,-7.702,74.839,-61.525,115.068,1,4,1743801369036,1743801369035,data_Color_1743801369035.17871093750000.png
0x0000,226.368,144.326,-8.483,73.427,-61.059,115.278,1,4,1743801369103,1743801369102,data_Color_1743801369102.44970703125000.png
0x0000,225.809,145.554,-8.706,72.518,-60.8,115.597,1,4,1743801369169,1743801369169,data_Color_1743801369169.85107421875000.png
0x0000,225.363,145.331,-8.483,72.122,-60.757,116.309,1,4,1743801369236,1743801369236,data_Color_1743801369236.83496093750000.png
0x0000,225.251,144.773,-8.372,72.329,-60.501,116.813,1,4,1743801369302,1743801369303,data_Color_1743801369303.83178710937500.png
0x0000,225.698,144.103,-8.26,73.199,-59.923,117.364,1,4,1743801369369,1743801369371,data_Color_1743801369371.12377929687500.png
0x0000,226.479,143.88,-8.148,73.677,-59.521,118.145,1,4,1743801369435,1743801369438,data_Color_1743801369438.39868164062500.png
0x0000,227.149,144.214,-8.372,73.366,-59.356,118.965,1,4,1743801369502,1743801369505,data_Color_1743801369505.95849609375000.png
0x0000,227.595,144.326,-8.706,72.947,-59.384,119.552,1,4,1743801369569,1743801369572,data_Color_1743801369572.65429687500000.png
0x0000,227.93,143.991,-8.818,72.56,-59.549,120.097,1,4,1743801369635,1743801369640,data_Color_1743801369640.01684570312500.png
0x0000,228.154,143.433,-8.595,72.037,-59.604,120.848,1,4,1743801369702,1743801369707,data_Color_1743801369707.57250976562500.png
0x0000,228.154,143.433,-8.148,71.539,-59.452,121.261,1,4,1743801369768,1743801369774,data_Color_1743801369774.37402343750000.png
0x0000,227.595,145.219,-7.702,70.343,-58.677,121.222,1,4,1743801369846,1743801369841,data_Color_1743801369841.65283203125000.png
0x0000,226.926,148.121,-7.702,69.271,-57.111,120.665,1,4,1743801369913,1743801369908,data_Color_1743801369908.63696289062500.png
0x0000,226.479,150.8,-7.925,68.959,-55.202,120.142,1,4,1743801369979,1743801369975,data_Color_1743801369975.84667968750000.png
0x0000,226.702,151.693,-7.59,69.384,-54.09,120.28,1,4,1743801370046,1743801370043,data_Color_1743801370043.21142578125000.png
0x0000,227.261,150.912,-7.59,70.554,-53.781,120.799,1,4,1743801370112,1743801370110,data_Color_1743801370110.40673828125000.png
0x0000,227.93,150.13,-8.372,72.164,-53.474,120.847,1,5,1743801370179,1743801370177,data_Color_1743801370177.39599609375000.png
0x0000,228.712,149.572,-9.488,73.535,-53.216,120.445,1,5,1743801370245,1743801370244,data_Color_1743801370244.67846679687500.png
0x0000,229.605,150.13,-10.604,73.967,-52.752,120.383,1,5,1743801370312,1743801370311,data_Color_1743801370311.81469726562500.png
0x0000,230.609,151.581,-11.497,73.374,-51.78,121.065,1,5,1743801370379,1743801370379,data_Color_1743801370379.01391601562500.png
0x0000,231.502,154.595,-12.502,72.628,-49.659,122.218,1,5,1743801370445,1743801370446,data_Color_1743801370446.36645507812500.png
0x0000,232.283,157.386,-13.395,72.375,-46.946,123.676,1,5,1743801370512,1743801370513,data_Color_1743801370513.42968750000000.png
0x0000,232.953,159.507,-13.953,72.304,-44.325,125.567,1,5,1743801370578,1743801370580,data_Color_1743801370580.72705078125000.png
0x0000,233.735,160.623,-14.288,72.266,-42.915,127.277,1,5,1743801370645,1743801370647,data_Color_1743801370647.93627929687500.png
0x0000,234.069,160.734,-15.069,72.536,-42.791,127.857,1,5,1743801370711,1743801370714,data_Color_1743801370714.99731445312500.png
0x0000,234.181,160.846,-16.408,72.69,-43.001,127.627,1,5,1743801370778,1743801370782,data_Color_1743801370782.16357421875000.png
0x0000,234.069,161.181,-17.078,72.487,-42.972,127.692,1,5,1743801370845,1743801370849,data_Color_1743801370849.50268554687500.png
0x0000,233.958,161.404,-17.19,72.238,-42.81,127.97,1,5,1743801370911,1743801370916,data_Color_1743801370916.64990234375000.png
0x0000,234.069,161.627,-16.743,71.992,-42.25,128.545,1,5,1743801370978,1743801370983,data_Color_1743801370983.75634765625000.png
0x0000,234.293,163.19,-16.297,72.299,-40.341,129.097,1,5,1743801371055,1743801371051,data_Color_1743801371051.15039062500000.png
0x0000,234.962,165.757,-16.743,72.672,-37.131,130.037,1,5,1743801371122,1743801371118,data_Color_1743801371118.46264648437500.png
0x0000,235.632,168.101,-17.301,72.95,-33.698,131.52,1,6,1743801371188,1743801371185,data_Color_1743801371185.30810546875000.png
0x0000,236.19,169.552,-17.636,73.461,-31.727,132.347,1,6,1743801371255,1743801371252,data_Color_1743801371252.67260742187500.png
0x0000,236.748,170.111,-18.083,74.027,-30.949,132.317,1,6,1743801371322,1743801371319,data_Color_1743801371319.74877929687500.png
0x0000,237.53,170.222,-19.087,74.214,-30.648,132.418,1,6,1743801371388,1743801371386,data_Color_1743801371386.95556640625000.png
0x0000,238.311,170.222,-19.534,74.292,-30.738,132.68,1,6,1743801371455,1743801371454,data_Color_1743801371454.31030273437500.png
0x0000,238.534,169.887,-19.757,74.423,-31.064,132.852,1,6,1743801371521,1743801371521,data_Color_1743801371521.51416015625000.png
0x0000,238.423,169.329,-19.645,74.653,-31.769,132.969,1,6,1743801371588,1743801371588,data_Color_1743801371588.47241210937500.png
0x0000,237.418,167.543,-18.976,75.407,-33.992,133.198,1,6,1743801371655,1743801371655,data_Color_1743801371655.90551757812500.png
0x0000,236.413,165.757,-18.306,76.149,-36.163,133.376,1,6,1743801371721,1743801371722,data_Color_1743801371722.98925781250000.png
0x0000,235.521,163.637,-16.966,76.636,-38.763,133.598,1,6,1743801371788,1743801371790,data_Color_1743801371790.03442382812500.png
0x0000,234.851,161.181,-14.957,76.584,-41.882,133.97,1,6,1743801371854,1743801371857,data_Color_1743801371857.58129882812500.png
0x0000,234.069,158.167,-12.613,76.25,-45.64,134.568,1,6,1743801371921,1743801371924,data_Color_1743801371924.57397460937500.png
0x0000,233.511,155.488,-10.716,76.184,-49.154,134.758,1,6,1743801371987,1743801371991,data_Color_1743801371991.67944335937500.png
0x0000,233.623,154.037,-9.823,76.209,-51.555,134.889,1,6,1743801372054,1743801372059,data_Color_1743801372059.17602539062500.png
0x0000,234.181,153.256,-9.599,75.728,-53.357,135.655,1,6,1743801372120,1743801372126,data_Color_1743801372126.06835937500000.png
0x0000,235.074,152.028,-9.823,74.869,-55.982,136.946,1,6,1743801372198,1743801372193,data_Color_1743801372193.28491210937500.png
0x0000,235.967,151.023,-10.604,74.388,-58.302,137.684,1,6,1743801372265,1743801372260,data_Color_1743801372260.73828125000000.png
0x0000,237.195,149.907,-11.385,73.726,-60.558,138.625,1,6,1743801372331,1743801372327,data_Color_1743801372327.93603515625000.png
0x0000,238.758,148.791,-11.943,72.457,-62.676,140.169,1,6,1743801372398,1743801372394,data_Color_1743801372394.96923828125000.png
0x0000,240.209,147.786,-12.39,70.347,-64.484,142.129,1,6,1743801372464,1743801372462,data_Color_1743801372462.00952148437500.png
0x0000,241.325,146.782,-12.39,67.802,-66.229,144.331,1,6,1743801372531,1743801372529,data_Color_1743801372529.36840820312500.png
0x0000,242.329,145.442,-12.167,64.947,-67.991,146.932,1,6,1743801372598,1743801372596,data_Color_1743801372596.20312500000000.png
0x0000,243.222,144.326,-12.055,61.736,-69.516,150.072,1,6,1743801372664,1743801372663,data_Color_1743801372663.44799804687500.png
0x0000,244.339,142.987,-12.055,58.234,-63.297,153.742,1,6,1743801372731,1743801372730,data_Color_1743801372730.69873046875000.png
0x0000,245.566,141.536,-11.72,54.622,-64.875,157.787,1,6,1743801372797,1743801372797,data_Color_1743801372797.80297851562500.png
0x0000,247.017,140.643,-11.943,51.207,-65.632,161.722,1,6,1743801372864,1743801372865,data_Color_1743801372865.04565429687500.png
0x0000,248.022,140.308,-12.836,49.157,-66.086,164.065,1,7,1743801372930,1743801372932,data_Color_1743801372932.22045898437500.png
0x0000,248.692,139.861,-14.064,47.775,-66.869,165.485,1,7,1743801372997,1743801372999,data_Color_1743801372999.45678710937500.png
0x0000,249.585,139.08,-15.404,46.22,-67.904,166.984,1,7,1743801373063,1743801373066,data_Color_1743801373066.58422851562500.png
0x0000,250.478,138.299,-16.52,43.644,-69.233,169.638,1,7,1743801373130,1743801373133,data_Color_1743801373133.90209960937500.png
0x0000,251.482,137.517,-17.413,39.386,-70.64,174.18,1,7,1743801373197,1743801373201,data_Color_1743801373201.05761718750000.png
0x0000,252.264,137.182,-17.859,35.498,-71.414,178.448,1,7,1743801373263,1743801373268,data_Color_1743801373268.35034179687500.png
0x0000,252.71,137.182,-17.971,33.725,-71.618,-179.53,1,7,1743801373330,1743801373335,data_Color_1743801373335.69482421875000.png
0x0000,253.045,137.294,-17.748,32.823,-71.756,-178.389,1,6,1743801373407,1743801373402,data_Color_1743801373402.60351562500000.png
0x0000,253.268,137.406,-17.748,32.26,-71.774,-177.629,1,6,1743801373474,1743801373470,data_Color_1743801373470.38330078125000.png
0x0000,253.492,137.74,-17.748,32.211,-71.846,-177.397,1,6,1743801373541,1743801373537,data_Color_1743801373537.08471679687500.png
0x0000,253.715,137.964,-17.636,33.024,-72.008,-177.983,1,6,1743801373607,1743801373604,data_Color_1743801373604.27148437500000.png
0x0000,254.05,138.075,-17.636,34.209,-72.149,-178.903,1,6,1743801373674,1743801373671,data_Color_1743801373671.86962890625000.png
0x0000,254.719,138.187,-17.748,34.393,-72.034,-178.654,1,6,1743801373740,1743801373738,data_Color_1743801373738.68115234375000.png
0x0000,255.166,138.187,-17.971,33.33,-71.822,-177.21,1,6,1743801373807,1743801373805,data_Color_1743801373805.88330078125000.png
0x0000,255.836,138.187,-18.306,32.257,-71.82,-175.689,1,7,1743801373873,1743801373873,data_Color_1743801373873.04394531250000.png
0x0000,256.505,138.187,-18.752,31.391,-72.221,-174.299,1,7,1743801373940,1743801373940,data_Color_1743801373940.32080078125000.png
0x0000,257.175,138.187,-19.31,29.97,-72.948,-172.308,1,7,1743801374007,1743801374007,data_Color_1743801374007.48535156250000.png
0x0000,257.956,137.517,-20.427,26.168,-73.93,-167.687,1,7,1743801374073,1743801374074,data_Color_1743801374074.63452148437500.png
0x0000,258.738,136.847,-21.654,20.929,-75.071,-161.254,1,7,1743801374140,1743801374141,data_Color_1743801374141.78173828125000.png
0x0000,259.742,136.847,-23.329,16.254,-76.287,-155.168,1,7,1743801374206,1743801374209,data_Color_1743801374209.10449218750000.png
0x0000,260.524,138.075,-25.003,14.923,-77.837,-152.373,1,7,1743801374273,1743801374276,data_Color_1743801374276.25683593750000.png
0x0000,261.751,140.196,-26.454,17.551,-78.863,-153.569,1,7,1743801374339,1743801374343,data_Color_1743801374343.52587890625000.png
0x0000,264.096,142.205,-27.682,19.987,-78.537,-154.13,1,7,1743801374406,1743801374410,data_Color_1743801374410.76367187500000.png
0x0000,268.002,144.103,-29.021,20.856,-76.776,-152.063,1,7,1743801374473,1743801374477,data_Color_1743801374477.86962890625000.png
0x0000,273.36,146.0,-30.361,22.402,-74.899,-149.786,1,7,1743801374550,1743801374545,data_Color_1743801374545.07641601562500.png
0x0000,276.262,148.344,-31.254,26.58,-73.791,-151.45,1,8,1743801374617,1743801374612,data_Color_1743801374612.15405273437500.png
0x0000,277.937,150.912,-31.589,29.681,-72.455,-152.835,1,8,1743801374683,1743801374679,data_Color_1743801374679.44482421875000.png
0x0000,279.164,152.586,-31.366,30.834,-71.439,-153.029,1,9,1743801374750,1743801374746,data_Color_1743801374746.60571289062500.png
0x0000,279.946,153.591,-31.366,32.108,-71.354,-153.759,1,9,1743801374816,1743801374813,data_Color_1743801374813.82714843750000.png
0x0000,280.727,154.484,-31.924,32.91,-71.599,-153.9,1,10,1743801374883,1743801374881,data_Color_1743801374881.03808593750000.png
0x0000,281.843,154.818,-32.817,32.711,-71.7,-152.941,1,10,1743801374950,1743801374948,data_Color_1743801374948.25756835937500.png
0x0000,283.518,154.707,-33.598,31.914,-71.914,-151.36,1,10,1743801375016,1743801375015,data_Color_1743801375015.31762695312500.png
0x0000,285.415,154.818,-34.044,31.447,-72.193,-150.073,1,11,1743801375083,1743801375082,data_Color_1743801375082.59301757812500.png
0x0000,286.978,155.377,-34.826,30.964,-72.33,-148.982,1,11,1743801375149,1743801375149,data_Color_1743801375149.80200195312500.png
0x0000,288.541,156.27,-35.607,30.184,-72.429,-147.834,1,11,1743801375216,1743801375216,data_Color_1743801375216.97949218750000.png
0x0000,290.326,156.828,-36.835,28.61,-72.349,-145.841,1,12,1743801375282,1743801375284,data_Color_1743801375284.34008789062500.png
0x0000,292.001,157.274,-38.174,27.128,-72.52,-143.936,1,12,1743801375349,1743801375351,data_Color_1743801375351.34497070312500.png
0x0000,293.34,158.167,-38.956,26.594,-73.071,-142.735,1,12,1743801375416,1743801375418,data_Color_1743801375418.63500976562500.png
0x0000,295.349,158.614,-39.737,26.094,-73.4,-141.361,1,12,1743801375482,1743801375485,data_Color_1743801375485.70483398437500.png
0x0000,297.582,158.837,-40.63,24.608,-72.992,-138.817,1,12,1743801375549,1743801375552,data_Color_1743801375552.89111328125000.png
0x0000,299.814,159.395,-41.635,21.763,-71.7,-134.896,1,13,1743801375615,1743801375620,data_Color_1743801375620.27148437500000.png
0x0000,302.27,159.507,-42.416,18.633,-70.316,-130.961,1,13,1743801375682,1743801375687,data_Color_1743801375687.28051757812500.png
0x0000,303.944,159.953,-42.751,17.045,-69.746,-128.795,1,13,1743801375748,1743801375754,data_Color_1743801375754.59790039062500.png
0x0000,305.284,160.623,-42.528,17.245,-69.605,-128.615,1,13,1743801375826,1743801375821,data_Color_1743801375821.87133789062500.png
0x0000,306.623,160.623,-42.639,17.118,-69.147,-128.121,1,13,1743801375893,1743801375888,data_Color_1743801375888.87768554687500.png
0x0000,308.297,160.623,-42.751,15.274,-68.386,-125.746,1,14,1743801375959,1743801375956,data_Color_1743801375956.11962890625000.png
0x0000,309.079,161.181,-42.751,13.819,-67.587,-123.703,1,14,1743801376026,1743801376023,data_Color_1743801376023.48852539062500.png
0x0000,309.079,162.185,-42.304,13.751,-67.072,-122.84,1,14,1743801376092,1743801376090,data_Color_1743801376090.52368164062500.png
0x0000,309.079,163.413,-41.523,14.601,-67.089,-122.393,1,14,1743801376159,1743801376157,data_Color_1743801376157.63769531250000.png
0x0000,308.632,164.418,-40.518,16.69,-67.613,-122.88,1,14,1743801376226,1743801376224,data_Color_1743801376224.93750000000000.png
0x0000,307.739,165.534,-39.514,20.539,-68.172,-125.117,1,15,1743801376292,1743801376292,data_Color_1743801376292.12402343750000.png
0x0000,306.512,167.097,-39.179,26.465,-68.547,-129.209,1,15,1743801376359,1743801376359,data_Color_1743801376359.26538085937500.png
0x0000,305.06,168.994,-39.291,32.803,-68.342,-133.675,1,15,1743801376425,1743801376426,data_Color_1743801376426.65087890625000.png
0x0000,304.056,170.669,-38.398,38.273,-67.91,-137.856,1,15,1743801376492,1743801376493,data_Color_1743801376493.65649414062500.png
0x0000,303.721,172.455,-37.393,43.266,-67.174,-142.048,1,15,1743801376558,1743801376561,data_Color_1743801376561.00708007812500.png
0x0000,303.498,174.575,-36.165,47.792,-66.611,-145.886,1,15,1743801376625,1743801376628,data_Color_1743801376628.16552734375000.png
0x0000,303.051,176.473,-34.937,51.474,-66.303,-149.134,1,16,1743801376691,1743801376695,data_Color_1743801376695.33642578125000.png
0x0000,302.382,178.036,-34.156,54.382,-66.171,-151.914,1,16,1743801376758,1743801376762,data_Color_1743801376762.54809570312500.png
0x0000,301.377,179.375,-33.263,57.043,-66.276,-154.541,1,16,1743801376825,1743801376829,data_Color_1743801376829.71630859375000.png
0x0000,299.591,180.715,-32.817,58.958,-66.161,-156.395,1,16,1743801376891,1743801376896,data_Color_1743801376896.98242187500000.png
0x0000,297.024,182.5,-32.37,60.441,-65.469,-157.812,1,17,1743801376969,1743801376964,data_Color_1743801376964.11987304687500.png
0x0000,295.796,183.282,-31.031,61.11,-64.858,-158.59,1,17,1743801377035,1743801377031,data_Color_1743801377031.30004882812500.png
0x0000,295.238,184.175,-29.914,60.578,-64.104,-157.864,1,17,1743801377102,1743801377098,data_Color_1743801377098.42163085937500.png
0x0000,296.354,184.845,-29.133,57.995,-62.911,-155.04,1,17,1743801377168,1743801377165,data_Color_1743801377165.80590820312500.png
0x0000,299.703,185.291,-29.245,52.611,-69.297,-149.386,1,18,1743801377235,1743801377233,data_Color_1743801377233.08349609375000.png
0x0000,304.502,185.179,-28.91,46.732,-67.842,-143.423,1,18,1743801377302,1743801377300,data_Color_1743801377300.18652343750000.png
0x0000,309.414,184.956,-29.021,41.531,-66.004,-138.018,1,19,1743801377368,1743801377367,data_Color_1743801377367.39648437500000.png
0x0000,312.874,185.514,-29.691,38.002,-64.193,-134.057,1,19,1743801377435,1743801377434,data_Color_1743801377434.63281250000000.png
0x0000,315.106,185.737,-29.691,35.508,-62.449,-131.553,1,19,1743801377501,1743801377501,data_Color_1743801377501.70434570312500.png
0x0000,316.334,185.626,-29.58,33.34,-60.401,-129.624,1,19,1743801377568,1743801377568,data_Color_1743801377568.89208984375000.png
0x0000,317.004,185.403,-28.798,31.407,-58.529,-127.896,1,19,1743801377635,1743801377636,data_Color_1743801377636.10571289062500.png
0x0000,317.674,185.291,-28.463,30.001,-56.982,-126.647,1,19,1743801377701,1743801377703,data_Color_1743801377703.17968750000000.png
0x0000,319.571,184.398,-28.463,28.558,-55.571,-125.657,1,19,1743801377768,1743801377770,data_Color_1743801377770.65454101562500.png
0x0000,322.25,184.063,-28.91,26.788,-53.947,-124.478,1,19,1743801377834,1743801377837,data_Color_1743801377837.64306640625000.png
0x0000,324.706,183.282,-29.803,24.923,-52.155,-123.481,1,19,1743801377901,1743801377904,data_Color_1743801377904.89697265625000.png
0x0000,327.161,182.166,-31.924,23.234,-50.202,-122.769,1,19,1743801377967,1743801377972,data_Color_1743801377972.37084960937500.png
0x0000,329.394,181.273,-34.156,21.827,-48.516,-122.246,1,18,1743801378034,1743801378039,data_Color_1743801378039.21997070312500.png
0x0000,330.175,180.38,-35.049,20.913,-47.741,-122.057,1,17,1743801378101,1743801378106,data_Color_1743801378106.39550781250000.png
0x0000,330.622,179.933,-35.049,20.549,-47.533,-122.138,1,17,1743801378178,1743801378173,data_Color_1743801378173.61035156250000.png
0x0000,331.291,179.71,-35.384,20.29,-47.162,-122.038,1,16,1743801378245,1743801378240,data_Color_1743801378240.91845703125000.png
0x0000,332.184,179.375,-36.277,19.717,-46.325,-121.791,1,15,1743801378311,1743801378308,data_Color_1743801378308.04931640625000.png
0x0000,332.966,178.817,-35.496,19.4,-46.203,-121.778,1,15,1743801378378,1743801378375,data_Color_1743801378375.20996093750000.png
0x0000,333.747,178.371,-34.603,19.104,-46.032,-121.695,1,15,1743801378444,1743801378442,data_Color_1743801378442.47265625000000.png
0x0000,334.417,177.478,-35.272,18.513,-45.093,-121.516,1,14,1743801378511,1743801378509,data_Color_1743801378509.59350585937500.png
0x0000,334.975,176.138,-36.947,17.497,-43.404,-120.974,1,14,1743801378578,1743801378576,data_Color_1743801378576.76391601562500.png
0x0000,335.756,175.245,-38.733,16.155,-41.639,-119.957,1,14,1743801378644,1743801378643,data_Color_1743801378643.96484375000000.png
0x0000,337.096,174.017,-41.188,14.664,-39.629,-119.096,1,13,1743801378711,1743801378711,data_Color_1743801378711.14501953125000.png
0x0000,338.435,172.901,-43.532,13.516,-37.536,-118.691,1,13,1743801378777,1743801378778,data_Color_1743801378778.34716796875000.png
0x0000,339.44,171.673,-45.653,12.715,-35.637,-118.544,1,12,1743801378844,1743801378845,data_Color_1743801378845.57397460937500.png
0x0000,340.109,171.115,-47.662,12.169,-33.723,-118.48,1,12,1743801378910,1743801378912,data_Color_1743801378912.89843750000000.png
0x0000,340.444,170.669,-50.453,11.657,-31.432,-118.303,1,11,1743801378977,1743801378979,data_Color_1743801378979.80371093750000.png
0x0000,340.668,170.78,-52.908,11.297,-29.468,-118.254,1,11,1743801379043,1743801379047,data_Color_1743801379047.48999023437500.png
0x0000,340.444,171.338,-54.694,11.205,-27.708,-118.279,1,10,1743801379110,1743801379114,data_Color_1743801379114.21069335937500.png
0x0000,340.221,171.004,-56.369,10.906,-25.898,-118.311,1,9,1743801379177,1743801379181,data_Color_1743801379181.48413085937500.png
0x0000,339.998,170.557,-58.378,10.639,-23.862,-118.405,1,9,1743801379254,1743801379249,data_Color_1743801379249.17431640625000.png
0x0000,339.44,170.78,-58.936,10.658,-22.849,-118.609,1,9,1743801379310,1743801379315,data_Color_1743801379315.92358398437500.png
0x0000,338.658,170.892,-59.271,10.564,-21.813,-118.988,1,8,1743801379387,1743801379382,data_Color_1743801379382.98120117187500.png
0x0000,337.654,170.78,-60.275,10.406,-20.8,-119.206,1,8,1743801379454,1743801379450,data_Color_1743801379450.29321289062500.png
0x0000,336.538,170.78,-61.057,10.36,-20.135,-119.395,1,7,1743801379521,1743801379517,data_Color_1743801379517.51147460937500.png
0x0000,335.756,170.445,-61.503,10.248,-19.823,-119.595,1,7,1743801379587,1743801379584,data_Color_1743801379584.61328125000000.png
0x0000,334.863,169.999,-61.615,10.114,-19.607,-119.764,1,7,1743801379654,1743801379651,data_Color_1743801379651.94311523437500.png
0x0000,333.747,170.111,-61.726,10.155,-19.429,-119.89,1,7,1743801379720,1743801379719,data_Color_1743801379719.08520507812500.png
0x0000,332.408,170.334,-61.168,10.218,-19.585,-120.103,1,7,1743801379787,1743801379786,data_Color_1743801379786.23437500000000.png
0x0000,331.18,170.222,-59.941,10.199,-19.994,-120.332,1,7,1743801379853,1743801379853,data_Color_1743801379853.45507812500000.png
0x0000,330.51,170.111,-59.494,10.102,-20.12,-120.472,1,7,1743801379920,1743801379920,data_Color_1743801379920.67163085937500.png
0x0000,330.175,170.222,-59.382,10.14,-20.128,-120.656,1,7,1743801379987,1743801379987,data_Color_1743801379987.85205078125000.png
0x0000,329.952,169.999,-59.494,10.175,-20.083,-120.779,1,6,1743801380053,1743801380055,data_Color_1743801380055.02050781250000.png
0x0000,329.729,169.887,-59.717,10.198,-20.098,-120.822,1,6,1743801380120,1743801380122,data_Color_1743801380122.24829101562500.png
0x0000,329.729,169.776,-59.606,10.214,-20.21,-120.855,1,6,1743801380186,1743801380189,data_Color_1743801380189.38452148437500.png
0x0000,329.505,169.776,-59.717,10.21,-20.269,-120.951,1,6,1743801380253,1743801380256,data_Color_1743801380256.74511718750000.png
0x0000,329.282,169.887,-60.275,10.147,-20.113,-121.016,1,6,1743801380319,1743801380323,data_Color_1743801380323.98950195312500.png
0x0000,328.947,169.999,-61.057,10.046,-19.719,-121.045,1,6,1743801380386,1743801380391,data_Color_1743801380391.48437500000000.png
0x0000,328.501,170.111,-61.615,9.974,-19.296,-121.213,1,6,1743801380453,1743801380457,data_Color_1743801380457.94287109375000.png
0x0000,328.389,169.999,-61.503,10.096,-20.038,-121.699,1,6,1743801380530,1743801380525,data_Color_1743801380525.08203125000000.png
0x0000,327.496,170.111,-58.713,10.958,-24.307,-123.117,1,6,1743801380597,1743801380592,data_Color_1743801380592.62670898437500.png
0x0000,326.045,170.669,-56.815,11.931,-27.353,-124.02,1,7,1743801380663,1743801380659,data_Color_1743801380659.52075195312500.png
0x0000,324.706,171.115,-56.704,12.629,-29.476,-124.673,1,7,1743801380730,1743801380726,data_Color_1743801380726.74609375000000.png
0x0000,322.92,170.892,-55.699,13.152,-31.793,-125.365,1,7,1743801380797,1743801380794,data_Color_1743801380794.26049804687500.png
0x0000,320.911,170.669,-53.913,13.907,-34.111,-126.317,1,8,1743801380863,1743801380861,data_Color_1743801380861.14990234375000.png
0x0000,319.683,170.669,-52.015,14.761,-36.155,-127.209,1,8,1743801380930,1743801380928,data_Color_1743801380928.34765625000000.png
0x0000,318.455,170.669,-49.671,15.768,-38.369,-128.305,1,9,1743801380996,1743801380995,data_Color_1743801380995.73291015625000.png
0x0000,316.557,170.78,-47.327,17.184,-40.82,-129.725,1,9,1743801381063,1743801381062,data_Color_1743801381062.90527343750000.png
0x0000,314.883,171.227,-45.095,18.928,-43.317,-131.395,1,10,1743801381129,1743801381129,data_Color_1743801381129.97290039062500.png
0x0000,313.879,171.227,-43.867,20.519,-45.421,-132.963,1,11,1743801381196,1743801381197,data_Color_1743801381197.57885742187500.png
0x0000,313.32,171.004,-43.086,21.736,-47.42,-134.262,1,11,1743801381262,1743801381264,data_Color_1743801381264.46166992187500.png
0x0000,312.316,170.669,-42.081,22.909,-49.908,-135.276,1,12,1743801381329,1743801381331,data_Color_1743801381331.66796875000000.png
0x0000,310.753,170.557,-40.63,24.147,-52.902,-136.148,1,13,1743801381396,1743801381398,data_Color_1743801381398.78491210937500.png
0x0000,308.856,170.892,-38.844,25.512,-56.044,-136.957,1,13,1743801381462,1743801381466,data_Color_1743801381466.04150390625000.png
0x0000,307.404,171.115,-37.058,26.601,-58.556,-137.684,1,14,1743801381529,1743801381533,data_Color_1743801381533.16601562500000.png
0x0000,306.512,171.338,-36.723,27.627,-59.937,-138.597,1,15,1743801381595,1743801381600,data_Color_1743801381600.29565429687500.png
0x0000,306.4,171.227,-36.723,28.39,-60.958,-139.663,1,15,1743801381662,1743801381667,data_Color_1743801381667.65991210937500.png
0x0000,306.288,170.78,-36.388,28.869,-62.043,-140.454,1,15,1743801381728,1743801381734,data_Color_1743801381734.74316406250000.png
0x0000,305.619,170.78,-36.5,29.631,-62.829,-141.166,1,16,1743801381806,1743801381801,data_Color_1743801381801.93554687500000.png
0x0000,305.395,170.222,-36.723,29.947,-63.137,-141.449,1,16,1743801381873,1743801381869,data_Color_1743801381869.27807617187500.png
0x0000,305.172,169.776,-36.723,30.201,-63.448,-141.746,1,16,1743801381939,1743801381936,data_Color_1743801381936.36474609375000.png
0x0000,304.279,169.552,-36.947,30.994,-64.129,-142.617,1,16,1743801382006,1743801382003,data_Color_1743801382003.85473632812500.png
0x0000,302.27,168.994,-36.277,32.557,-66.038,-144.46,1,17,1743801382072,1743801382070,data_Color_1743801382070.75976562500000.png
0x0000,300.484,168.325,-36.277,34.126,-68.066,-146.398,1,16,1743801382139,1743801382137,data_Color_1743801382137.97729492187500.png
0x0000,299.368,166.985,-36.947,34.725,-69.476,-147.544,1,16,1743801382205,1743801382205,data_Color_1743801382205.28808593750000.png
0x0000,298.14,166.65,-36.723,35.721,-63.313,-148.817,1,16,1743801382272,1743801382272,data_Color_1743801382272.32861328125000.png
0x0000,296.354,166.874,-36.388,37.903,-65.528,-151.083,1,16,1743801382339,1743801382339,data_Color_1743801382339.62084960937500.png
0x0000,294.903,167.32,-36.054,39.962,-67.218,-153.046,1,16,1743801382405,1743801382406,data_Color_1743801382406.71069335937500.png
0x0000,293.898,167.32,-35.161,41.995,-68.627,-155.227,1,16,1743801382472,1743801382474,data_Color_1743801382474.02050781250000.png
0x0000,293.787,166.762,-34.379,43.267,-69.857,-156.824,1,16,1743801382538,1743801382541,data_Color_1743801382541.06396484375000.png
0x0000,294.456,166.315,-34.491,43.542,-70.473,-157.32,1,16,1743801382605,1743801382608,data_Color_1743801382608.32641601562500.png
0x0000,295.126,166.092,-35.272,43.168,-70.521,-157.172,1,16,1743801382672,1743801382675,data_Color_1743801382675.54272460937500.png
0x0000,296.019,165.646,-35.83,42.654,-70.335,-157.176,1,16,1743801382738,1743801382742,data_Color_1743801382742.73168945312500.png
0x0000,297.582,164.418,-35.942,41.698,-69.522,-158.085,1,16,1743801382805,1743801382809,data_Color_1743801382809.93408203125000.png
0x0000,297.135,163.413,-34.937,42.544,-68.186,-161.956,1,16,1743801382882,1743801382877,data_Color_1743801382877.25732421875000.png
0x0000,295.796,162.855,-33.71,45.107,-66.984,-166.665,1,16,1743801382949,1743801382944,data_Color_1743801382944.34667968750000.png
0x0000,296.8,161.739,-32.258,44.473,-65.016,-167.307,1,17,1743801383015,1743801383011,data_Color_1743801383011.43481445312500.png
0x0000,299.033,161.069,-31.254,44.186,-63.077,-167.37,1,17,1743801383082,1743801383078,data_Color_1743801383078.64013671875000.png
0x0000,300.261,161.962,-30.473,48.045,-62.582,-170.647,1,18,1743801383149,1743801383145,data_Color_1743801383145.95532226562500.png
0x0000,300.484,162.744,-29.356,53.212,-62.761,-174.899,1,18,1743801383215,1743801383213,data_Color_1743801383213.09667968750000.png
0x0000,299.926,162.855,-28.24,56.268,-62.472,-177.111,1,19,1743801383282,1743801383280,data_Color_1743801383280.41430664062500.png
0x0000,299.145,162.297,-27.905,56.55,-61.372,-176.924,1,20,1743801383348,1743801383347,data_Color_1743801383347.51757812500000.png
0x0000,298.252,161.069,-27.57,55.759,-69.356,-176.108,1,20,1743801383415,1743801383414,data_Color_1743801383414.99926757812500.png
0x0000,297.693,159.395,-27.57,54.313,-68.558,-175.055,1,21,1743801383481,1743801383481,data_Color_1743801383481.95361328125000.png
0x0000,297.805,157.944,-27.682,53.167,-67.898,-174.508,1,21,1743801383548,1743801383549,data_Color_1743801383549.18750000000000.png
0x0000,298.475,155.935,-27.236,51.81,-67.419,-174.066,1,21,1743801383615,1743801383616,data_Color_1743801383616.60449218750000.png
0x0000,299.256,153.925,-26.677,50.462,-67.148,-173.536,1,22,1743801383681,1743801383683,data_Color_1743801383683.44995117187500.png
0x0000,300.372,152.698,-26.231,49.622,-66.968,-173.17,1,22,1743801383748,1743801383750,data_Color_1743801383750.69311523437500.png
0x0000,301.823,151.47,-26.008,49.412,-67.004,-173.144,1,22,1743801383814,1743801383818,data_Color_1743801383818.58569335937500.png
0x0000,303.275,150.465,-26.343,49.85,-67.347,-173.355,1,22,1743801383881,1743801383885,data_Color_1743801383885.10327148437500.png
0x0000,304.391,149.796,-26.454,50.485,-67.916,-173.771,1,22,1743801383947,1743801383952,data_Color_1743801383952.19287109375000.png
0x0000,304.502,149.461,-26.454,50.703,-68.273,-174.209,1,22,1743801384014,1743801384019,data_Color_1743801384019.88232421875000.png
0x0000,304.167,149.461,-27.012,50.508,-68.577,-174.88,1,22,1743801384080,1743801384086,data_Color_1743801384086.65087890625000.png
0x0000,301.489,148.791,-28.129,49.638,-68.769,-177.12,1,22,1743801384158,1743801384153,data_Color_1743801384153.76513671875000.png
0x0000,300.372,147.898,-28.687,48.467,-67.584,-176.935,1,21,1743801384225,1743801384221,data_Color_1743801384221.39233398437500.png
0x0000,299.814,146.782,-28.687,47.985,-66.438,-177.356,1,20,1743801384291,1743801384288,data_Color_1743801384288.30273437500000.png
0x0000,298.81,146.447,-28.352,49.999,-65.953,179.571,1,19,1743801384358,1743801384355,data_Color_1743801384355.50952148437500.png
0x0000,298.252,145.777,-28.352,52.357,-66.09,175.924,1,19,1743801384424,1743801384422,data_Color_1743801384422.71484375000000.png
0x0000,299.033,143.991,-28.24,53.393,-66.49,173.16,1,19,1743801384491,1743801384489,data_Color_1743801384489.83349609375000.png
0x0000,300.707,141.87,-27.905,53.778,-66.843,171.087,1,18,1743801384558,1743801384556,data_Color_1743801384556.99389648437500.png
0x0000,302.716,139.861,-27.682,53.759,-67.076,170.148,1,18,1743801384624,1743801384624,data_Color_1743801384624.37597656250000.png
0x0000,305.172,138.187,-27.905,53.891,-67.292,169.742,1,18,1743801384691,1743801384691,data_Color_1743801384691.42431640625000.png
0x0000,308.186,136.736,-28.017,54.398,-67.621,169.263,1,18,1743801384757,1743801384758,data_Color_1743801384758.93750000000000.png
0x0000,309.19,136.624,-28.129,54.827,-67.694,168.701,1,18,1743801384824,1743801384825,data_Color_1743801384825.95678710937500.png
0x0000,308.856,136.847,-28.463,54.951,-67.584,168.082,1,18,1743801384890,1743801384892,data_Color_1743801384892.94848632812500.png
0x0000,307.516,137.517,-28.687,55.094,-67.274,166.583,1,17,1743801384957,1743801384960,data_Color_1743801384960.12841796875000.png
0x0000,305.73,137.517,-29.245,54.975,-66.808,164.369,1,17,1743801385024,1743801385027,data_Color_1743801385027.94677734375000.png
0x0000,304.726,137.182,-29.803,54.979,-66.438,163.11,1,16,1743801385090,1743801385094,data_Color_1743801385094.62792968750000.png
0x0000,304.167,136.066,-29.58,55.097,-66.021,162.044,1,16,1743801385157,1743801385162,data_Color_1743801385162.31738281250000.png
0x0000,304.391,134.169,-28.91,54.827,-65.325,161.814,1,16,1743801385234,1743801385229,data_Color_1743801385229.00170898437500.png
0x0000,304.726,133.276,-28.463,55.183,-64.729,161.368,1,15,1743801385301,1743801385296,data_Color_1743801385296.10571289062500.png
0x0000,305.284,132.383,-28.017,56.231,-63.874,160.022,1,15,1743801385368,1743801385363,data_Color_1743801385363.30468750000000.png
0x0000,306.512,130.932,-27.682,55.769,-62.434,159.58,1,15,1743801385434,1743801385430,data_Color_1743801385430.64599609375000.png
0x0000,307.851,128.922,-27.794,52.842,-60.288,161.154,1,16,1743801385501,1743801385497,data_Color_1743801385497.82397460937500.png
0x0000,307.963,127.806,-27.682,50.343,-58.771,162.696,1,16,1743801385567,1743801385565,data_Color_1743801385565.18798828125000.png
0x0000,306.735,127.471,-28.017,49.161,-58.182,163.286,1,16,1743801385634,1743801385632,data_Color_1743801385632.13916015625000.png
0x0000,304.726,127.025,-28.463,49.334,-58.209,162.602,1,16,1743801385700,1743801385699,data_Color_1743801385699.33422851562500.png
0x0000,301.823,127.248,-28.463,50.162,-58.395,161.274,1,15,1743801385767,1743801385766,data_Color_1743801385766.57958984375000.png
0x0000,299.368,127.695,-28.129,50.407,-58.262,160.375,1,15,1743801385833,1743801385833,data_Color_1743801385833.72412109375000.png
0x0000,297.693,127.918,-27.57,50.092,-57.905,160.003,1,14,1743801385900,1743801385900,data_Color_1743801385900.90429687500000.png
0x0000,296.466,127.806,-27.57,49.6,-57.577,159.948,1,14,1743801385967,1743801385968,data_Color_1743801385968.08569335937500.png
0x0000,295.349,127.583,-27.459,50.007,-57.708,159.324,1,13,1743801386033,1743801386035,data_Color_1743801386035.34228515625000.png
0x0000,294.68,127.136,-27.236,50.894,-58.063,158.783,1,13,1743801386100,1743801386102,data_Color_1743801386102.44018554687500.png
0x0000,294.568,126.243,-27.012,51.388,-58.355,158.87,1,13,1743801386166,1743801386169,data_Color_1743801386169.73681640625000.png
0x0000,294.456,125.462,-26.789,51.671,-58.489,159.185,1,13,1743801386233,1743801386236,data_Color_1743801386236.96093750000000.png
0x0000,294.345,125.462,-26.789,52.111,-58.542,159.279,1,12,1743801386299,1743801386303,data_Color_1743801386303.97729492187500.png
0x0000,294.345,125.239,-26.789,52.615,-58.717,159.064,1,12,1743801386366,1743801386371,data_Color_1743801386371.28686523437500.png
0x0000,294.456,124.458,-26.789,52.848,-58.933,158.954,1,12,1743801386433,1743801386438,data_Color_1743801386438.49682617187500.png
0x0000,294.568,123.899,-26.789,52.891,-59.042,158.989,1,12,1743801386510,1743801386505,data_Color_1743801386505.64208984375000.png
0x0000,294.456,123.899,-26.789,52.932,-58.96,158.99,1,12,1743801386577,1743801386573,data_Color_1743801386573.15527343750000.png
0x0000,294.233,123.676,-26.789,52.957,-58.933,158.962,1,12,1743801386643,1743801386640,data_Color_1743801386640.21142578125000.png
0x0000,294.233,123.118,-26.789,52.97,-59.042,158.855,1,12,1743801386710,1743801386707,data_Color_1743801386707.31835937500000.png
0x0000,294.122,122.672,-26.677,53.042,-59.301,158.664,1,11,1743801386777,1743801386774,data_Color_1743801386774.64331054687500.png
0x0000,293.787,122.56,-26.566,53.116,-59.618,158.55,1,11,1743801386843,1743801386841,data_Color_1743801386841.72753906250000.png
0x0000,293.452,122.56,-26.454,52.989,-59.701,158.714,1,11,1743801386910,1743801386908,data_Color_1743801386908.74926757812500.png
0x0000,293.117,122.56,-26.231,52.788,-59.77,158.937,1,11,1743801386976,1743801386976,data_Color_1743801386976.25268554687500.png
0x0000,292.559,122.783,-26.119,52.627,-59.979,159.154,1,11,1743801387043,1743801387043,data_Color_1743801387043.31420898437500.png
0x0000,291.778,122.895,-25.896,52.611,-60.6,159.18,1,11,1743801387109,1743801387110,data_Color_1743801387110.44311523437500.png
0x0000,290.885,122.672,-25.673,52.802,-61.746,158.844,1,11,1743801387176,1743801387178,data_Color_1743801387178.01806640625000.png
0x0000,290.326,121.779,-25.673,52.302,-62.737,158.984,1,11,1743801387243,1743801387244,data_Color_1743801387244.89550781250000.png
0x0000,289.992,120.439,-26.343,51.903,-63.953,158.858,1,11,1743801387309,1743801387311,data_Color_1743801387311.99194335937500.png
0x0000,289.21,119.769,-27.459,53.022,-65.544,157.232,1,11,1743801387376,1743801387379,data_Color_1743801387379.15112304687500.png
0x0000,288.875,119.881,-27.682,53.859,-66.473,156.265,1,10,1743801387442,1743801387446,data_Color_1743801387446.53247070312500.png
0x0000,289.545,119.658,-27.682,53.553,-66.596,156.658,1,10,1743801387509,1743801387513,data_Color_1743801387513.54003906250000.png
0x0000,290.326,119.435,-27.682,53.257,-66.543,157.148,1,10,1743801387575,1743801387580,data_Color_1743801387580.84228515625000.png
0x0000,291.554,119.323,-27.794,52.822,-66.403,157.91,1,10,1743801387653,1743801387648,data_Color_1743801387648.03833007812500.png
0x0000,291.889,119.435,-27.682,52.402,-66.316,158.412,1,10,1743801387720,1743801387715,data_Color_1743801387715.24243164062500.png
0x0000,291.889,119.546,-27.682,52.198,-66.35,158.542,1,10,1743801387786,1743801387782,data_Color_1743801387782.28710937500000.png
0x0000,292.001,119.435,-27.794,52.185,-66.438,158.465,1,10,1743801387853,1743801387849,data_Color_1743801387849.62548828125000.png
0x0000,292.336,118.988,-28.129,52.304,-66.631,158.189,1,10,1743801387919,1743801387916,data_Color_1743801387916.77050781250000.png
0x0000,292.447,118.653,-28.352,52.463,-66.772,157.915,1,10,1743801387986,1743801387983,data_Color_1743801387983.84399414062500.png
0x0000,292.336,118.653,-28.352,52.403,-66.737,157.981,1,10,1743801388052,1743801388051,data_Color_1743801388051.27758789062500.png
0x0000,292.224,118.653,-28.24,52.341,-66.702,158.061,1,10,1743801388119,1743801388118,data_Color_1743801388118.30883789062500.png
0x0000,292.336,118.542,-28.129,51.993,-66.508,158.495,1,10,1743801388185,1743801388185,data_Color_1743801388185.41015625000000.png
0x0000,292.559,118.207,-27.794,51.622,-66.194,159.0,1,10,1743801388252,1743801388252,data_Color_1743801388252.87597656250000.png
0x0000,292.671,117.983,-27.459,51.558,-66.038,159.085,1,10,1743801388319,1743801388320,data_Color_1743801388320.02685546875000.png
0x0000,292.447,118.095,-27.124,51.528,-65.97,159.162,1,10,1743801388385,1743801388387,data_Color_1743801388387.37768554687500.png
0x0000,292.447,117.983,-26.901,51.485,-65.901,159.223,1,10,1743801388452,1743801388454,data_Color_1743801388454.03125000000000.png
0x0000,292.336,117.983,-26.677,51.415,-65.764,159.354,1,10,1743801388518,1743801388521,data_Color_1743801388521.25561523437500.png
0x0000,292.112,118.207,-26.566,51.131,-65.595,159.755,1,10,1743801388585,1743801388588,data_Color_1743801388588.46728515625000.png
0x0000,291.666,118.318,-26.343,50.943,-65.46,160.01,1,10,1743801388652,1743801388655,data_Color_1743801388655.76147460937500.png
0x0000,291.443,118.43,-26.119,51.0,-65.342,160.017,1,10,1743801388718,1743801388722,data_Color_1743801388722.92382812500000.png
0x0000,291.331,118.542,-26.008,50.973,-65.175,160.185,1,10,1743801388785,1743801388790,data_Color_1743801388790.10522460937500.png
0x0000,290.996,118.765,-25.673,50.812,-64.926,160.526,1,11,1743801388862,1743801388857,data_Color_1743801388857.34082031250000.png
0x0000,290.661,118.876,-25.338,50.766,-64.762,160.667,1,11,1743801388929,1743801388924,data_Color_1743801388924.48364257812500.png
0x0000,290.326,118.988,-25.115,50.744,-64.598,160.735,1,11,1743801388995,1743801388991,data_Color_1743801388991.73315429687500.png
0x0000,290.103,118.988,-25.115,50.803,-64.549,160.664,1,11,1743801389062,1743801389058,data_Color_1743801389058.84228515625000.png
0x0000,290.103,118.876,-25.003,50.917,-64.598,160.507,1,11,1743801389129,1743801389126,data_Color_1743801389126.58276367187500.png
0x0000,289.992,118.765,-25.003,50.996,-64.647,160.392,1,11,1743801389195,1743801389193,data_Color_1743801389193.31469726562500.png
0x0000,289.992,118.653,-24.892,51.164,-64.712,160.213,1,11,1743801389262,1743801389260,data_Color_1743801389260.66357421875000.png
0x0000,289.992,118.43,-24.78,51.394,-64.794,159.99,1,11,1743801389328,1743801389328,data_Color_1743801389328.16528320312500.png
0x0000,289.88,118.318,-24.668,51.533,-64.844,159.889,1,11,1743801389395,1743801389394,data_Color_1743801389394.94873046875000.png
0x0000,289.88,118.207,-24.668,51.654,-64.86,159.804,1,11,1743801389461,1743801389462,data_Color_1743801389462.03320312500000.png
0x0000,289.768,117.983,-24.668,51.739,-64.877,159.747,1,11,1743801389528,1743801389529,data_Color_1743801389529.28955078125000.png
0x0000,289.545,117.872,-24.557,51.829,-64.86,159.706,1,12,1743801389595,1743801389596,data_Color_1743801389596.46704101562500.png
0x0000,289.433,117.872,-24.333,51.884,-64.794,159.715,1,12,1743801389661,1743801389663,data_Color_1743801389663.68750000000000.png
0x0000,289.21,118.095,-24.222,51.975,-64.745,159.718,1,12,1743801389728,1743801389730,data_Color_1743801389730.79711914062500.png
0x0000,289.21,118.095,-23.999,52.144,-64.712,159.659,1,12,1743801389794,1743801389798,data_Color_1743801389798.12060546875000.png
0x0000,289.21,118.207,-23.999,52.299,-64.68,159.609,1,12,1743801389861,1743801389865,data_Color_1743801389865.23071289062500.png
0x0000,289.21,118.207,-23.999,52.359,-64.647,159.643,1,12,1743801389927,1743801389932,data_Color_1743801389932.41796875000000.png
0x0000,289.21,118.207,-23.999,52.312,-64.565,159.747,1,12,1743801389994,1743801389999,data_Color_1743801389999.67163085937500.png
0x0000,289.21,118.207,-23.999,52.297,-64.419,159.848,1,12,1743801390060,1743801390066,data_Color_1743801390066.93139648437500.png
0x0000,289.21,118.318,-23.887,52.359,-64.306,159.901,1,12,1743801390138,1743801390134,data_Color_1743801390134.08740234375000.png
0x0000,289.099,118.43,-23.775,52.368,-64.209,159.994,1,12,1743801390205,1743801390201,data_Color_1743801390201.19995117187500.png
0x0000,288.987,118.542,-23.664,52.399,-64.113,160.08,1,12,1743801390271,1743801390268,data_Color_1743801390268.56201171875000.png
0x0000,288.875,118.653,-23.552,52.42,-64.065,160.123,1,12,1743801390338,1743801390335,data_Color_1743801390335.59082031250000.png
0x0000,288.875,118.653,-23.552,52.433,-64.033,160.16,1,12,1743801390404,1743801390402,data_Color_1743801390402.90966796875000.png
0x0000,288.875,118.653,-23.664,52.454,-63.985,160.163,1,12,1743801390471,1743801390470,data_Color_1743801390470.18994140625000.png
0x0000,288.875,118.653,-23.664,52.483,-63.969,160.164,1,13,1743801390538,1743801390537,data_Color_1743801390537.24560546875000.png
0x0000,288.875,118.653,-23.664,52.499,-63.969,160.153,1,13,1743801390604,1743801390604,data_Color_1743801390604.50927734375000.png
0x0000,288.875,118.653,-23.775,52.572,-63.985,160.172,1,13,1743801390671,1743801390671,data_Color_1743801390671.66601562500000.png
0x0000,288.764,118.653,-23.887,52.769,-64.001,160.161,1,13,1743801390737,1743801390738,data_Color_1743801390738.81347656250000.png
0x0000,288.764,118.765,-23.999,52.97,-64.033,160.11,1,13,1743801390804,1743801390805,data_Color_1743801390805.99047851562500.png
0x0000,288.764,118.876,-23.999,53.14,-64.065,160.032,1,13,1743801390870,1743801390873,data_Color_1743801390873.30029296875000.png
0x0000,288.764,118.988,-23.887,53.258,-64.081,159.955,1,13,1743801390937,1743801390940,data_Color_1743801390940.70678710937500.png
0x0000,288.652,118.988,-23.887,53.313,-64.065,159.925,1,13,1743801391004,1743801391007,data_Color_1743801391007.59912109375000.png
0x0000,288.652,119.1,-23.887,53.357,-64.065,159.916,1,13,1743801391070,1743801391074,data_Color_1743801391074.89331054687500.png
0x0000,288.652,119.1,-23.999,53.376,-64.049,159.906,1,13,1743801391137,1743801391142,data_Color_1743801391142.19873046875000.png
0x0000,288.652,119.211,-23.999,53.434,-64.049,159.871,1,13,1743801391214,1743801391209,data_Color_1743801391209.24487304687500.png
0x0000,288.652,119.211,-23.999,53.524,-64.081,159.813,1,13,1743801391281,1743801391276,data_Color_1743801391276.45361328125000.png
0x0000,288.541,119.323,-23.999,53.673,-64.161,159.707,1,13,1743801391348,1743801391343,data_Color_1743801391343.62133789062500.png
0x0000,288.541,119.435,-23.999,53.919,-64.242,159.553,1,13,1743801391414,1743801391410,data_Color_1743801391410.80810546875000.png
0x0000,288.541,119.546,-24.11,54.196,-64.306,159.401,1,13,1743801391481,1743801391478,data_Color_1743801391478.02685546875000.png
0x0000,288.541,119.769,-24.222,54.346,-64.355,159.372,1,13,1743801391547,1743801391545,data_Color_1743801391545.22338867187500.png
0x0000,288.541,119.993,-24.333,54.429,-64.322,159.416,1,13,1743801391614,1743801391612,data_Color_1743801391612.47167968750000.png
0x0000,288.541,120.216,-24.445,54.432,-64.258,159.476,1,13,1743801391680,1743801391679,data_Color_1743801391679.62451171875000.png
0x0000,288.541,120.328,-24.445,54.431,-64.226,159.519,1,13,1743801391747,1743801391746,data_Color_1743801391746.75390625000000.png
0x0000,288.652,120.439,-24.557,54.481,-64.209,159.536,1,13,1743801391813,1743801391814,data_Color_1743801391814.03930664062500.png
0x0000,288.652,120.886,-24.668,54.653,-64.177,159.529,1,13,1743801391880,1743801391881,data_Color_1743801391881.19555664062500.png
0x0000,288.652,121.332,-24.78,54.792,-64.081,159.551,1,13,1743801391947,1743801391948,data_Color_1743801391948.47949218750000.png
0x0000,288.652,121.667,-24.78,54.818,-63.985,159.618,1,13,1743801392013,1743801392015,data_Color_1743801392015.56909179687500.png
0x0000,288.764,121.89,-24.892,54.913,-63.953,159.589,1,13,1743801392080,1743801392082,data_Color_1743801392082.82763671875000.png
